Product,Price,Rating,Reviews,Link
"Acer [Smartchoice Aspire Lite AMD Ryzen 3 5300U Premium Thin and Light Laptop (Windows 11 Home/8 GB RAM/512 GB SSD) AL15-41 with 39.62 cm (15.6"") Full HD Display, Metal Body, Steel Gray, 1.6 KG","₹26,990",4.0,"1,109",https://www.amazon.in/sspa/click?ie=UTF8&spc=MTozNzQwMzQ2NTIyOTk3Mjc0OjE3NDMxMDA1MDY6c3BfYXRmOjMwMDE5MzkwOTY5NzAzMjo6MDo6&url=%2FAcer-Smartchoice-Premium-Windows-AL15-41%2Fdp%2FB0CWTSF1TK%2Fref%3Dsr_1_1_sspa%3Fcrid%3DW4U3VV61SVAS%26dib%3DeyJ2IjoiMSJ9.sha9-Imp0QKJjf0WDiQpCqcJEckxdidl6rqjzt9VGdD6PNcsrmPNbP0eIcNRqLtlrdn1AIJSTzizEo-xyRuuBg-QdTrBfP3t0J1KxCeyaHJjIIilZufZdBKZDApsgX4d97VopNwc_kJfM6xcTBhOkwbZKim8LIR7cO-JrU80ZSj3swsfo0I32ZnbIeVSubAaXXGZZ19QZN9lhx0Dr5uKt00cQaW_LEc4msf50tA5FKE.oKm2VI_ZeJU2ukJM-WgsWj6xEIrFBhGwwjdprFbPUzk%26dib_tag%3Dse%26keywords%3Dlaptop%26qid%3D1743100506%26sprefix%3Dlaptop%252Caps%252C274%26sr%3D8-1-spons%26sp_csd%3Dd2lkZ2V0TmFtZT1zcF9hdGY%26psc%3D1
"Acer Aspire 3D 15 SpatialLabs Edition Gaming Laptop Intel Core i5-13420H Processor (16GB/512GB/NVIDIA RTX2050/Win11Home) A3D15-71GM, 39.6 cm(15.6"") UHD 3840 x 2160 IPS Display, Obsidian Black, 2.32KG","₹1,49,990",3.0,2,https://www.amazon.in/sspa/click?ie=UTF8&spc=MTozNzQwMzQ2NTIyOTk3Mjc0OjE3NDMxMDA1MDY6c3BfYXRmOjMwMDQ4NzU1OTgzODUzMjo6MDo6&url=%2FAcer-SpatialLabs-i5-13420H-Processor-A3D15-71GM%2Fdp%2FB0D8BPBZY1%2Fref%3Dsr_1_2_sspa%3Fcrid%3DW4U3VV61SVAS%26dib%3DeyJ2IjoiMSJ9.sha9-Imp0QKJjf0WDiQpCqcJEckxdidl6rqjzt9VGdD6PNcsrmPNbP0eIcNRqLtlrdn1AIJSTzizEo-xyRuuBg-QdTrBfP3t0J1KxCeyaHJjIIilZufZdBKZDApsgX4d97VopNwc_kJfM6xcTBhOkwbZKim8LIR7cO-JrU80ZSj3swsfo0I32ZnbIeVSubAaXXGZZ19QZN9lhx0Dr5uKt00cQaW_LEc4msf50tA5FKE.oKm2VI_ZeJU2ukJM-WgsWj6xEIrFBhGwwjdprFbPUzk%26dib_tag%3Dse%26keywords%3Dlaptop%26qid%3D1743100506%26sprefix%3Dlaptop%252Caps%252C274%26sr%3D8-2-spons%26sp_csd%3Dd2lkZ2V0TmFtZT1zcF9hdGY%26psc%3D1
"Lenovo IdeaPad Slim 1 Intel® Celeron® N4020 15.6 inch (39.6cm) Thin & Light Laptop (8GB RAM/512GB SSD/Windows 11 Home/Office Home & Student 2024/1Yr ADP Free/Cloud Grey/1.54Kg), 82V700L2IN","₹24,990",4.4,52,https://www.amazon.in/Lenovo-IdeaPad-Celeron%C2%AE-Windows-82V700L2IN/dp/B0DWSZ4MD8/ref=sr_1_3?crid=W4U3VV61SVAS&dib=eyJ2IjoiMSJ9.sha9-Imp0QKJjf0WDiQpCqcJEckxdidl6rqjzt9VGdD6PNcsrmPNbP0eIcNRqLtlrdn1AIJSTzizEo-xyRuuBg-QdTrBfP3t0J1KxCeyaHJjIIilZufZdBKZDApsgX4d97VopNwc_kJfM6xcTBhOkwbZKim8LIR7cO-JrU80ZSj3swsfo0I32ZnbIeVSubAaXXGZZ19QZN9lhx0Dr5uKt00cQaW_LEc4msf50tA5FKE.oKm2VI_ZeJU2ukJM-WgsWj6xEIrFBhGwwjdprFbPUzk&dib_tag=se&keywords=laptop&qid=1743100506&sprefix=laptop%2Caps%2C274&sr=8-3
"Apple MacBook Air Laptop with M2 chip: 34.46 cm (13.6-inch) Liquid Retina Display, 8GB RAM, 512GB SSD Storage, Backlit Keyboard, 1080p FaceTime HD Camera. Works with iPhone/iPad; Space Grey","₹76,990",3.0,1,https://www.amazon.in/2022-Apple-MacBook-Laptop-chip/dp/B0B3C9ZHJZ/ref=sr_1_4?crid=W4U3VV61SVAS&dib=eyJ2IjoiMSJ9.sha9-Imp0QKJjf0WDiQpCqcJEckxdidl6rqjzt9VGdD6PNcsrmPNbP0eIcNRqLtlrdn1AIJSTzizEo-xyRuuBg-QdTrBfP3t0J1KxCeyaHJjIIilZufZdBKZDApsgX4d97VopNwc_kJfM6xcTBhOkwbZKim8LIR7cO-JrU80ZSj3swsfo0I32ZnbIeVSubAaXXGZZ19QZN9lhx0Dr5uKt00cQaW_LEc4msf50tA5FKE.oKm2VI_ZeJU2ukJM-WgsWj6xEIrFBhGwwjdprFbPUzk&dib_tag=se&keywords=laptop&qid=1743100506&sprefix=laptop%2Caps%2C274&sr=8-4
"Lenovo V14 G3 14"" FHD Laptop, Intel Core i5-1235U, 16GB DDR4 RAM, 512GB SSD, Intel Iris Xe Graphics, Windows 11, Ms-Office Lifetime Validity, Iron Grey,1.6kg, 1 Year Onsite Brand Warranty","₹36,690",4.6,"6,546",https://www.amazon.in/Lenovo-V14-G3-i5-1235U-Ms-Office/dp/B0DYP1XGTC/ref=sr_1_5?crid=W4U3VV61SVAS&dib=eyJ2IjoiMSJ9.sha9-Imp0QKJjf0WDiQpCqcJEckxdidl6rqjzt9VGdD6PNcsrmPNbP0eIcNRqLtlrdn1AIJSTzizEo-xyRuuBg-QdTrBfP3t0J1KxCeyaHJjIIilZufZdBKZDApsgX4d97VopNwc_kJfM6xcTBhOkwbZKim8LIR7cO-JrU80ZSj3swsfo0I32ZnbIeVSubAaXXGZZ19QZN9lhx0Dr5uKt00cQaW_LEc4msf50tA5FKE.oKm2VI_ZeJU2ukJM-WgsWj6xEIrFBhGwwjdprFbPUzk&dib_tag=se&keywords=laptop&qid=1743100506&sprefix=laptop%2Caps%2C274&sr=8-5
"Apple MacBook Air Laptop: Apple M1 chip, 13.3-inch/33.74 cm Retina Display, 8GB RAM, 256GB SSD Storage, Backlit Keyboard, FaceTime HD Camera, Touch ID. Works with iPhone/iPad; Space Grey","₹62,990",3.3,6,https://aax-eu.amazon.in/x/c/JAgxGXfKNMktVXIAH-5P74cAAAGV2OLwnAMAAAH2AQBvbm9fdHhuX2JpZDMgICBvbm9fdHhuX2ltcDEgICAvW2XI/clv1_CEuOPUxokZA0iHrVccsA8S6ARyhqaeMLv5gu-2OJsf11138dnBT3SPw18HHz9hvVjq0yzpNb3X7OfU2LA3tVK2VRO3GWTtvISn8GaWh_FFjnAoZjxYgc6JJGZySDoB4I8xkbr4Br3LDDtb7dNJzdHJ36yMS3r641hZbX5BdUmX-UtL6LkRJjARjlbtq3aOlwWCpafMGZl51EXjYzZtRQYOURlsXukt89DgPXNqpanwYWpp5lh66uXA8vgUT9z1VAASW3cOTUuxUr2VFfIMlsc1HtNDCbuj33Nful-q-oa6AWBAeJ9-S-9Aqaewz2IraJgMsC--2yI6MS-eGrdtK7JNVY9_99dzgerr4ZgoGrfvA8gZp1C1jgv57DJvbl-SOL4o0/https://www.amazon.in/Apple-MacBook-Chip-13-inch-256GB/dp/B08N5W4NNB/ref=sxin_13_sbv_search_btf?content-id=amzn1.sym.288d7cd9-bdfb-4778-882a-c15de0f76151%3Aamzn1.sym.288d7cd9-bdfb-4778-882a-c15de0f76151&crid=W4U3VV61SVAS&cv_ct_cx=laptop&keywords=laptop&pd_rd_i=B08N5W4NNB&pd_rd_r=b6730317-c4ae-4275-87fa-35a81202c62d&pd_rd_w=E7sDX&pd_rd_wg=Cod3v&pf_rd_p=288d7cd9-bdfb-4778-882a-c15de0f76151&pf_rd_r=YNSJ66SKH3FHAXFE8MA3&qid=1743100506&sbo=RZvfv%2F%2FHxDF%2BO5021pAnSA%3D%3D&sprefix=laptop%2Caps%2C274&sr=1-1-9131241a-a358-4619-a7b8-0f5a65d91d81
"Lenovo V15 G4 AMD Athlon Silver 7120U Laptop 8GB LPDDR5 Ram, 512 GB SSD PCIe, Windows 11/MS Office,15.6"" FHD Screen, AMD Radeon 610M, Silver, 1 Year Brand Warranty","₹24,990",4.0,"1,109",https://www.amazon.in/Lenovo-Athlon-Laptop-Windows-Warranty/dp/B0872G2MPV/ref=sr_1_6?crid=W4U3VV61SVAS&dib=eyJ2IjoiMSJ9.sha9-Imp0QKJjf0WDiQpCqcJEckxdidl6rqjzt9VGdD6PNcsrmPNbP0eIcNRqLtlrdn1AIJSTzizEo-xyRuuBg-QdTrBfP3t0J1KxCeyaHJjIIilZufZdBKZDApsgX4d97VopNwc_kJfM6xcTBhOkwbZKim8LIR7cO-JrU80ZSj3swsfo0I32ZnbIeVSubAaXXGZZ19QZN9lhx0Dr5uKt00cQaW_LEc4msf50tA5FKE.oKm2VI_ZeJU2ukJM-WgsWj6xEIrFBhGwwjdprFbPUzk&dib_tag=se&keywords=laptop&qid=1743100506&sprefix=laptop%2Caps%2C274&sr=8-6
"Dᥱll Latitude E7470 Laptop 6th Gen InteI Core i5 Thin & Light (256 GB SSD|8 GB DDR4 RAM|14"" (35.6 cm)|Windows 11|MS Office|WiFi|BT|InteI HD Graphics (Rᥱfurbished)","₹15,395",4.2,84,https://www.amazon.in/Latitude-Laptop-Windows-Graphics-R%E1%A5%B1furbished/dp/B0F21XQRPR/ref=sr_1_7?crid=W4U3VV61SVAS&dib=eyJ2IjoiMSJ9.sha9-Imp0QKJjf0WDiQpCqcJEckxdidl6rqjzt9VGdD6PNcsrmPNbP0eIcNRqLtlrdn1AIJSTzizEo-xyRuuBg-QdTrBfP3t0J1KxCeyaHJjIIilZufZdBKZDApsgX4d97VopNwc_kJfM6xcTBhOkwbZKim8LIR7cO-JrU80ZSj3swsfo0I32ZnbIeVSubAaXXGZZ19QZN9lhx0Dr5uKt00cQaW_LEc4msf50tA5FKE.oKm2VI_ZeJU2ukJM-WgsWj6xEIrFBhGwwjdprFbPUzk&dib_tag=se&keywords=laptop&qid=1743100506&sprefix=laptop%2Caps%2C274&sr=8-7
"Acer Aspire Lite, AMD Ryzen 5 5625U Processor(16GB RAM/512GB SSD) Full HD, 15.6""/39.62cm, Windows 11 Home, Steel Gray, 1.59KG, AL15-41, Premium Metal Body, Thin and Light Laptop","₹32,990",4.0,9,https://www.amazon.in/5-5625U-Premium-Windows-AL15-41-Display/dp/B0DG2GCTD7/ref=sr_1_8?crid=W4U3VV61SVAS&dib=eyJ2IjoiMSJ9.sha9-Imp0QKJjf0WDiQpCqcJEckxdidl6rqjzt9VGdD6PNcsrmPNbP0eIcNRqLtlrdn1AIJSTzizEo-xyRuuBg-QdTrBfP3t0J1KxCeyaHJjIIilZufZdBKZDApsgX4d97VopNwc_kJfM6xcTBhOkwbZKim8LIR7cO-JrU80ZSj3swsfo0I32ZnbIeVSubAaXXGZZ19QZN9lhx0Dr5uKt00cQaW_LEc4msf50tA5FKE.oKm2VI_ZeJU2ukJM-WgsWj6xEIrFBhGwwjdprFbPUzk&dib_tag=se&keywords=laptop&qid=1743100506&sprefix=laptop%2Caps%2C274&sr=8-8
"Lenovo V15 AMD Ryzen 7 7730U 15.6"" (39.62cm) FHD 250 Nits Antiglare Thin and Light Laptop (Free MS Office) Lifetime (16GB/512GB SSD/Windows 11/Iron Grey/1.65 Kg) 1 Year Brand Warranty, 83CRA01SIN","₹41,990",4.0,488,https://www.amazon.in/Lenovo-V15-Antiglare-Lifetime-83CRA01SIN/dp/B0DDY1HWZL/ref=sr_1_9?crid=W4U3VV61SVAS&dib=eyJ2IjoiMSJ9.sha9-Imp0QKJjf0WDiQpCqcJEckxdidl6rqjzt9VGdD6PNcsrmPNbP0eIcNRqLtlrdn1AIJSTzizEo-xyRuuBg-QdTrBfP3t0J1KxCeyaHJjIIilZufZdBKZDApsgX4d97VopNwc_kJfM6xcTBhOkwbZKim8LIR7cO-JrU80ZSj3swsfo0I32ZnbIeVSubAaXXGZZ19QZN9lhx0Dr5uKt00cQaW_LEc4msf50tA5FKE.oKm2VI_ZeJU2ukJM-WgsWj6xEIrFBhGwwjdprFbPUzk&dib_tag=se&keywords=laptop&qid=1743100506&sprefix=laptop%2Caps%2C274&sr=8-9
"Acer Aspire Lite AMD Ryzen 5-5625U Premium Thin and Light Laptop (16 GB RAM/512 GB SSD/Win11 Home) AL15-41, 39.62 cm (15.6"") FHD Display, Metal Body, Multicolor Backlit Keyboard, Steel Gray, 1.59 KG","₹34,490",3.0,10,https://www.amazon.in/Acer-5-5625U-AL15-41-Multicolor-Keyboard/dp/B0DG2LSP9N/ref=sr_1_10?crid=W4U3VV61SVAS&dib=eyJ2IjoiMSJ9.sha9-Imp0QKJjf0WDiQpCqcJEckxdidl6rqjzt9VGdD6PNcsrmPNbP0eIcNRqLtlrdn1AIJSTzizEo-xyRuuBg-QdTrBfP3t0J1KxCeyaHJjIIilZufZdBKZDApsgX4d97VopNwc_kJfM6xcTBhOkwbZKim8LIR7cO-JrU80ZSj3swsfo0I32ZnbIeVSubAaXXGZZ19QZN9lhx0Dr5uKt00cQaW_LEc4msf50tA5FKE.oKm2VI_ZeJU2ukJM-WgsWj6xEIrFBhGwwjdprFbPUzk&dib_tag=se&keywords=laptop&qid=1743100506&sprefix=laptop%2Caps%2C274&sr=8-10
"Acer Aspire 3 Intel Core i3-1305U Processor Laptop with 35.56 cm (14"") Full HD LED-Backlit IPS Display (8 GB RAM/512 GB SSD/WiFi 6/Intel Graphics/Win11 Home/65W) A324-53, Steel Gray, 1.45KG","₹31,988",4.0,85,https://www.amazon.in/sspa/click?ie=UTF8&spc=MTozNzQwMzQ2NTIyOTk3Mjc0OjE3NDMxMDA1MDY6c3BfbXRmOjMwMDQzNzkzMDYzNDUzMjo6MDo6&url=%2FAcer-i3-1305U-Processor-LED-Backlit-A324-53%2Fdp%2FB0DMFBQ9MY%2Fref%3Dsr_1_11_sspa%3Fcrid%3DW4U3VV61SVAS%26dib%3DeyJ2IjoiMSJ9.sha9-Imp0QKJjf0WDiQpCqcJEckxdidl6rqjzt9VGdD6PNcsrmPNbP0eIcNRqLtlrdn1AIJSTzizEo-xyRuuBg-QdTrBfP3t0J1KxCeyaHJjIIilZufZdBKZDApsgX4d97VopNwc_kJfM6xcTBhOkwbZKim8LIR7cO-JrU80ZSj3swsfo0I32ZnbIeVSubAaXXGZZ19QZN9lhx0Dr5uKt00cQaW_LEc4msf50tA5FKE.oKm2VI_ZeJU2ukJM-WgsWj6xEIrFBhGwwjdprFbPUzk%26dib_tag%3Dse%26keywords%3Dlaptop%26qid%3D1743100506%26sprefix%3Dlaptop%252Caps%252C274%26sr%3D8-11-spons%26sp_csd%3Dd2lkZ2V0TmFtZT1zcF9tdGY%26psc%3D1
"Lenovo IdeaPad Slim 3 12th Gen Intel Core i3-1215U 15.6"" (39.62cm) FHD Thin & Light Laptop (8GB/512GB SSD/Intel UHD Graphics/Windows 11/Office Home 2024/1Yr ADP Free/Arctic Grey/1.63Kg), 82RK01ABIN","₹35,200",3.3,16,https://www.amazon.in/sspa/click?ie=UTF8&spc=MTozNzQwMzQ2NTIyOTk3Mjc0OjE3NDMxMDA1MDY6c3BfbXRmOjMwMDE1NjY0MTA3NDQzMjo6MDo6&url=%2FLenovo-IdeaPad-39-62cm-Warranty-82RK006DIN%2Fdp%2FB0B4JPC8GT%2Fref%3Dsr_1_12_sspa%3Fcrid%3DW4U3VV61SVAS%26dib%3DeyJ2IjoiMSJ9.sha9-Imp0QKJjf0WDiQpCqcJEckxdidl6rqjzt9VGdD6PNcsrmPNbP0eIcNRqLtlrdn1AIJSTzizEo-xyRuuBg-QdTrBfP3t0J1KxCeyaHJjIIilZufZdBKZDApsgX4d97VopNwc_kJfM6xcTBhOkwbZKim8LIR7cO-JrU80ZSj3swsfo0I32ZnbIeVSubAaXXGZZ19QZN9lhx0Dr5uKt00cQaW_LEc4msf50tA5FKE.oKm2VI_ZeJU2ukJM-WgsWj6xEIrFBhGwwjdprFbPUzk%26dib_tag%3Dse%26keywords%3Dlaptop%26qid%3D1743100506%26sprefix%3Dlaptop%252Caps%252C274%26sr%3D8-12-spons%26sp_csd%3Dd2lkZ2V0TmFtZT1zcF9tdGY%26psc%3D1
"Lenovo V15 Intel Core i7 12th Gen 15.6"" (39.62 cm) FHD (1920x1080) Antiglare 250 nits Thin and Light Laptop (16GB RAM/512GB SSD/Windows 11 Home/Iron Grey/1Y Onsite/1.7 kg), 82TTA08AIN","₹48,490",3.0,345,https://www.amazon.in/Lenovo-1920x1080-Antiglare-Windows-82TTA08AIN/dp/B0CJTRM3QW/ref=sr_1_13?crid=W4U3VV61SVAS&dib=eyJ2IjoiMSJ9.sha9-Imp0QKJjf0WDiQpCqcJEckxdidl6rqjzt9VGdD6PNcsrmPNbP0eIcNRqLtlrdn1AIJSTzizEo-xyRuuBg-QdTrBfP3t0J1KxCeyaHJjIIilZufZdBKZDApsgX4d97VopNwc_kJfM6xcTBhOkwbZKim8LIR7cO-JrU80ZSj3swsfo0I32ZnbIeVSubAaXXGZZ19QZN9lhx0Dr5uKt00cQaW_LEc4msf50tA5FKE.oKm2VI_ZeJU2ukJM-WgsWj6xEIrFBhGwwjdprFbPUzk&dib_tag=se&keywords=laptop&qid=1743100506&sprefix=laptop%2Caps%2C274&sr=8-13
"ASUS Vivobook 16, Intel Core i5-12500H, 16GB RAM, 512GB SSD, FHD+ 60Hz 300Nits, 16"", Windows 11, MS Office Home, Transparent Silver, 1.88KG, X1605ZAC-MB541WS, Fingerprint, 42Whr Battery Laptop","₹53,990",3.9,486,https://www.amazon.in/ASUS-i5-12500H-Fingerprint-Transparent-X1605ZAC-MB541WS/dp/B0DGLCTZXX/ref=sr_1_14?crid=W4U3VV61SVAS&dib=eyJ2IjoiMSJ9.sha9-Imp0QKJjf0WDiQpCqcJEckxdidl6rqjzt9VGdD6PNcsrmPNbP0eIcNRqLtlrdn1AIJSTzizEo-xyRuuBg-QdTrBfP3t0J1KxCeyaHJjIIilZufZdBKZDApsgX4d97VopNwc_kJfM6xcTBhOkwbZKim8LIR7cO-JrU80ZSj3swsfo0I32ZnbIeVSubAaXXGZZ19QZN9lhx0Dr5uKt00cQaW_LEc4msf50tA5FKE.oKm2VI_ZeJU2ukJM-WgsWj6xEIrFBhGwwjdprFbPUzk&dib_tag=se&keywords=laptop&qid=1743100506&sprefix=laptop%2Caps%2C274&sr=8-14
"HP 255 G10 AMD Ryzen 5 Quad Core 7520U 2.8Ghz Upto 4.3Ghz - (8 GB/512 GB SSD) 255 G10 Thin and Light Laptop (15.6 inch, Matt Silver, 1.45 kg)","₹29,928",4.7,4,https://www.amazon.in/HP-Ryzen-7520U-2-8Ghz-4-3Ghz/dp/B0DS8Y725N/ref=sr_1_15?crid=W4U3VV61SVAS&dib=eyJ2IjoiMSJ9.sha9-Imp0QKJjf0WDiQpCqcJEckxdidl6rqjzt9VGdD6PNcsrmPNbP0eIcNRqLtlrdn1AIJSTzizEo-xyRuuBg-QdTrBfP3t0J1KxCeyaHJjIIilZufZdBKZDApsgX4d97VopNwc_kJfM6xcTBhOkwbZKim8LIR7cO-JrU80ZSj3swsfo0I32ZnbIeVSubAaXXGZZ19QZN9lhx0Dr5uKt00cQaW_LEc4msf50tA5FKE.oKm2VI_ZeJU2ukJM-WgsWj6xEIrFBhGwwjdprFbPUzk&dib_tag=se&keywords=laptop&qid=1743100506&sprefix=laptop%2Caps%2C274&sr=8-15
"JioBook 11 with Lifetime Office/Android 4G Laptop Mediatek 8788 (JioOS) / Octa-core/ 4GB RAM / 64 eMMC Storage/Thin and Light Laptop (11.6 inch, 990 Grams)/ Dual Band WiFi + SIM/Blue","₹12,990",3.0,20,https://www.amazon.in/JioBook-Octa-Core-LPDDR4-JioOS-Expandable/dp/B0CKX9PY1H/ref=sr_1_16?crid=W4U3VV61SVAS&dib=eyJ2IjoiMSJ9.sha9-Imp0QKJjf0WDiQpCqcJEckxdidl6rqjzt9VGdD6PNcsrmPNbP0eIcNRqLtlrdn1AIJSTzizEo-xyRuuBg-QdTrBfP3t0J1KxCeyaHJjIIilZufZdBKZDApsgX4d97VopNwc_kJfM6xcTBhOkwbZKim8LIR7cO-JrU80ZSj3swsfo0I32ZnbIeVSubAaXXGZZ19QZN9lhx0Dr5uKt00cQaW_LEc4msf50tA5FKE.oKm2VI_ZeJU2ukJM-WgsWj6xEIrFBhGwwjdprFbPUzk&dib_tag=se&keywords=laptop&qid=1743100506&sprefix=laptop%2Caps%2C274&sr=8-16
"Lenovo IdeaPad Slim 3, Intel Core i5-12450H 12th Gen, 16GB RAM, 512GB SSD, FHD 250Nits, 14""/35.5cm, Windows 11, MSOffice 21, Grey, 1.37Kg, 83EQ005VIN,1Yr Warranty,Alexa Built-in,3 mon. GamePass Laptop","₹52,390",4.0,"1,109",https://www.amazon.in/Lenovo-IdeaPad-i5-12450H-Warranty-83EQ005VIN/dp/B0D6MPVN7B/ref=sr_1_17?crid=W4U3VV61SVAS&dib=eyJ2IjoiMSJ9.sha9-Imp0QKJjf0WDiQpCqcJEckxdidl6rqjzt9VGdD6PNcsrmPNbP0eIcNRqLtlrdn1AIJSTzizEo-xyRuuBg-QdTrBfP3t0J1KxCeyaHJjIIilZufZdBKZDApsgX4d97VopNwc_kJfM6xcTBhOkwbZKim8LIR7cO-JrU80ZSj3swsfo0I32ZnbIeVSubAaXXGZZ19QZN9lhx0Dr5uKt00cQaW_LEc4msf50tA5FKE.oKm2VI_ZeJU2ukJM-WgsWj6xEIrFBhGwwjdprFbPUzk&dib_tag=se&keywords=laptop&qid=1743100506&sprefix=laptop%2Caps%2C274&sr=8-17
"HP Laptop 250R G9 (2024), Intel Core i3 13th Gen 1315U - (8GB/512GB SSD/Intel UHD Graphics/Windows 11 Home) Thin and Light Business Laptop/15.6"" (39.62cm)/Ash Grey/1.57 kg","₹31,460",3.9,"1,064",https://www.amazon.in/HP-Laptop-250R-Intel-1315U/dp/B0DKGBYGKQ/ref=sr_1_18?crid=W4U3VV61SVAS&dib=eyJ2IjoiMSJ9.sha9-Imp0QKJjf0WDiQpCqcJEckxdidl6rqjzt9VGdD6PNcsrmPNbP0eIcNRqLtlrdn1AIJSTzizEo-xyRuuBg-QdTrBfP3t0J1KxCeyaHJjIIilZufZdBKZDApsgX4d97VopNwc_kJfM6xcTBhOkwbZKim8LIR7cO-JrU80ZSj3swsfo0I32ZnbIeVSubAaXXGZZ19QZN9lhx0Dr5uKt00cQaW_LEc4msf50tA5FKE.oKm2VI_ZeJU2ukJM-WgsWj6xEIrFBhGwwjdprFbPUzk&dib_tag=se&keywords=laptop&qid=1743100506&sprefix=laptop%2Caps%2C274&sr=8-18
"Acer One 11 Intel Celeron N4500 (Windows 11 Home/ 8 GB/ 256 GB SSD) 29.64 cm (11.6"") Anti Glare HD Laptop, Z8-284, 1.1 KG, Deep Blue","₹17,990",3.3,3,https://www.amazon.in/Acer-Celeron-Windows-Laptop-Z8-284/dp/B0CHRNQBCR/ref=sr_1_19?crid=W4U3VV61SVAS&dib=eyJ2IjoiMSJ9.sha9-Imp0QKJjf0WDiQpCqcJEckxdidl6rqjzt9VGdD6PNcsrmPNbP0eIcNRqLtlrdn1AIJSTzizEo-xyRuuBg-QdTrBfP3t0J1KxCeyaHJjIIilZufZdBKZDApsgX4d97VopNwc_kJfM6xcTBhOkwbZKim8LIR7cO-JrU80ZSj3swsfo0I32ZnbIeVSubAaXXGZZ19QZN9lhx0Dr5uKt00cQaW_LEc4msf50tA5FKE.oKm2VI_ZeJU2ukJM-WgsWj6xEIrFBhGwwjdprFbPUzk&dib_tag=se&keywords=laptop&qid=1743100506&sprefix=laptop%2Caps%2C274&sr=8-19
"Acer [Smartchoice Aspire Lite AMD Ryzen 3 5300U Premium Thin and Light Laptop (Windows 11 Home/8 GB RAM/512 GB SSD) AL15-41 with 39.62 cm (15.6"") Full HD Display, Metal Body, Steel Gray, 1.6 KG","₹26,990",4.6,"6,546",https://www.amazon.in/Acer-Smartchoice-Premium-Windows-AL15-41/dp/B0CWTSF1TK/ref=sr_1_20?crid=W4U3VV61SVAS&dib=eyJ2IjoiMSJ9.sha9-Imp0QKJjf0WDiQpCqcJEckxdidl6rqjzt9VGdD6PNcsrmPNbP0eIcNRqLtlrdn1AIJSTzizEo-xyRuuBg-QdTrBfP3t0J1KxCeyaHJjIIilZufZdBKZDApsgX4d97VopNwc_kJfM6xcTBhOkwbZKim8LIR7cO-JrU80ZSj3swsfo0I32ZnbIeVSubAaXXGZZ19QZN9lhx0Dr5uKt00cQaW_LEc4msf50tA5FKE.oKm2VI_ZeJU2ukJM-WgsWj6xEIrFBhGwwjdprFbPUzk&dib_tag=se&keywords=laptop&qid=1743100506&sprefix=laptop%2Caps%2C274&sr=8-20
"Dell G15-5530 Gaming Laptop, Intel Core i5-13450HX Processor, 16GB DDR5, 512GB,NVIDIA RTX 3050,6GB GDDR6, 15.6"" (39.62cm) FHD 120Hz 250 nits, Backlit KB Orange,Windows 11 + MSO'21,Dark Shadow, 2.65kg","₹75,990",N/A,N/A,https://www.amazon.in/sspa/click?ie=UTF8&spc=MTozNzQwMzQ2NTIyOTk3Mjc0OjE3NDMxMDA1MDY6c3BfYnRmOjMwMDQzODAzMTk0MDgzMjo6MDo6&url=%2FDell-G15-5530-Gaming-i5-13450HX-Processor%2Fdp%2FB0CRKX3JRT%2Fref%3Dsr_1_21_sspa%3Fcrid%3DW4U3VV61SVAS%26dib%3DeyJ2IjoiMSJ9.sha9-Imp0QKJjf0WDiQpCqcJEckxdidl6rqjzt9VGdD6PNcsrmPNbP0eIcNRqLtlrdn1AIJSTzizEo-xyRuuBg-QdTrBfP3t0J1KxCeyaHJjIIilZufZdBKZDApsgX4d97VopNwc_kJfM6xcTBhOkwbZKim8LIR7cO-JrU80ZSj3swsfo0I32ZnbIeVSubAaXXGZZ19QZN9lhx0Dr5uKt00cQaW_LEc4msf50tA5FKE.oKm2VI_ZeJU2ukJM-WgsWj6xEIrFBhGwwjdprFbPUzk%26dib_tag%3Dse%26keywords%3Dlaptop%26qid%3D1743100506%26sprefix%3Dlaptop%252Caps%252C274%26sr%3D8-21-spons%26sp_csd%3Dd2lkZ2V0TmFtZT1zcF9idGY%26psc%3D1
"Acer Aspire Lite, Intel Core i3-1305U, 13th Gen, 16GB RAM, 512GB SSD, Full HD, 15.6""/39.62cm, Windows 11 Home, Steel Gray, 1.59KG, AL15-53, Metal Body, 36 WHR, Thin and Light Premium Laptop","₹34,988",N/A,N/A,https://www.amazon.in/sspa/click?ie=UTF8&spc=MTozNzQwMzQ2NTIyOTk3Mjc0OjE3NDMxMDA1MDY6c3BfYnRmOjMwMDQzNzkzMDYzNDQzMjo6MDo6&url=%2Fi3-1305U-39-62cm-Windows-AL15-53-Premium%2Fdp%2FB0DKK15M2P%2Fref%3Dsr_1_22_sspa%3Fcrid%3DW4U3VV61SVAS%26dib%3DeyJ2IjoiMSJ9.sha9-Imp0QKJjf0WDiQpCqcJEckxdidl6rqjzt9VGdD6PNcsrmPNbP0eIcNRqLtlrdn1AIJSTzizEo-xyRuuBg-QdTrBfP3t0J1KxCeyaHJjIIilZufZdBKZDApsgX4d97VopNwc_kJfM6xcTBhOkwbZKim8LIR7cO-JrU80ZSj3swsfo0I32ZnbIeVSubAaXXGZZ19QZN9lhx0Dr5uKt00cQaW_LEc4msf50tA5FKE.oKm2VI_ZeJU2ukJM-WgsWj6xEIrFBhGwwjdprFbPUzk%26dib_tag%3Dse%26keywords%3Dlaptop%26qid%3D1743100506%26sprefix%3Dlaptop%252Caps%252C274%26sr%3D8-22-spons%26sp_csd%3Dd2lkZ2V0TmFtZT1zcF9idGY%26psc%3D1
"Apple MacBook Air Laptop: Apple M1 chip, 13.3-inch/33.74 cm Retina Display, 8GB RAM, 256GB SSD Storage, Backlit Keyboard, FaceTime HD Camera, Touch ID. Works with iPhone/iPad; Space Grey","₹62,990",N/A,N/A,https://aax-eu.amazon.in/x/c/JESIY9Del91rPr0S7gVBHkkAAAGV2OLwkAMAAAH2AQBvbm9fdHhuX2JpZDMgICBvbm9fdHhuX2ltcDEgICDkBfSI/clv1_CEuOPUxokZA0iHrVYMYtwXr2HkAgbaFwqq0j6Ba32u5O8X8KnBT3SPw18HHz9hvVjq0yzpNb3X7OfU2LA3tEJkhhbwfPJpHMCAQTXGVsYWaMEb1FxYgc6JJGZySDoB4I8xkbr4Br3LDDtb7dNJzdHJ36yMS3r641hZbX5BdUmX-TtL2LkRJjARjlbtq0aul2WjURbJnDhYtDByosK9hSfeAQh46plcUsGR_YO9xj3QYPrYhyg725A00ugAazyVxAXSeoLebJsFxjyQkFMt9rKk3-N1CbozbBIv-27fLJZLYSeG2ZjZmJ5R-Sfj_7JKDk_-kf8DsGPxu27emhJfaZGepVy-pfXxUzv65BjxYHevo1DwkjymimBqozTjVkQla2qA/https://www.amazon.in/Apple-MacBook-Chip-13-inch-256GB/dp/B08N5W4NNB/ref=sxbs_sbv_search_btf?content-id=amzn1.sym.3353ca56-2043-45f1-9c2e-99dccef31d9d%3Aamzn1.sym.3353ca56-2043-45f1-9c2e-99dccef31d9d&crid=W4U3VV61SVAS&cv_ct_cx=laptop&keywords=laptop&pd_rd_i=B08N5W4NNB&pd_rd_r=08ceca8c-542b-450c-8f3f-0ed48f13b7ab&pd_rd_w=xZxfi&pd_rd_wg=Ura6Z&pf_rd_p=3353ca56-2043-45f1-9c2e-99dccef31d9d&pf_rd_r=YNSJ66SKH3FHAXFE8MA3&qid=1743100506&sbo=RZvfv%2F%2FHxDF%2BO5021pAnSA%3D%3D&sprefix=laptop%2Caps%2C274&sr=1-1-f1821008-9dea-4812-b2b6-4a6e4a4f2d55
"Acer Aspire 3D 15 SpatialLabs Edition Gaming Laptop Intel Core i5-13420H Processor (16GB/512GB/NVIDIA RTX2050/Win11Home) A3D15-71GM, 39.6 cm(15.6"") UHD 3840 x 2160 IPS Display, Obsidian Black, 2.32KG","₹1,49,990",3.8,244,https://www.amazon.in/sspa/click?ie=UTF8&spc=MTo3ODMxMDcxNTU3MjcyOTY4OjE3NDMxMDA1MTM6c3BfYXRmX25leHQ6MzAwNDg3NTU5ODM4NTMyOjowOjo&url=%2FAcer-SpatialLabs-i5-13420H-Processor-A3D15-71GM%2Fdp%2FB0D8BPBZY1%2Fref%3Dsr_1_17_sspa%3Fcrid%3DW4U3VV61SVAS%26dib%3DeyJ2IjoiMSJ9.FsRBCfIDCqc74l5-TlLGSLRPbiAE3YxNE0k1CwZJxS3GjHj071QN20LucGBJIEps.r1MLhlQMHvHP7-QKLIhoZsMFBAipOBnhe6jhwp-mHns%26dib_tag%3Dse%26keywords%3Dlaptop%26qid%3D1743100513%26sprefix%3Dlaptop%252Caps%252C274%26sr%3D8-17-spons%26xpid%3DwA2qvawD06ogv%26sp_csd%3Dd2lkZ2V0TmFtZT1zcF9hdGZfbmV4dA%26psc%3D1
"Acer Aspire 3 Intel Core i3-1305U Processor Laptop with 35.56 cm (14"") Full HD LED-Backlit IPS Display (16 GB RAM/512 GB SSD/WiFi 6/Intel Graphics/Win11 Home/65W) A324-53, Steel Gray, 1.45KG","₹33,990",4.2,703,https://www.amazon.in/sspa/click?ie=UTF8&spc=MTo3ODMxMDcxNTU3MjcyOTY4OjE3NDMxMDA1MTM6c3BfYXRmX25leHQ6MzAwNTEwNzMzMDkzNDMyOjowOjo&url=%2FAcer-i3-1305U-Processor-LED-Backlit-A324-53%2Fdp%2FB0DMFBS37T%2Fref%3Dsr_1_18_sspa%3Fcrid%3DW4U3VV61SVAS%26dib%3DeyJ2IjoiMSJ9.FsRBCfIDCqc74l5-TlLGSLRPbiAE3YxNE0k1CwZJxS3GjHj071QN20LucGBJIEps.r1MLhlQMHvHP7-QKLIhoZsMFBAipOBnhe6jhwp-mHns%26dib_tag%3Dse%26keywords%3Dlaptop%26qid%3D1743100513%26sprefix%3Dlaptop%252Caps%252C274%26sr%3D8-18-spons%26xpid%3DwA2qvawD06ogv%26sp_csd%3Dd2lkZ2V0TmFtZT1zcF9hdGZfbmV4dA%26psc%3D1
"ASUS Vivobook 15, Intel Core i3-1215U, 8GB RAM, 512GB SSD, FHD 16:9 60Hz 250nits, 15.6""/39.6cm, Windows 11 Home, Office 2021, Cool Silver, 1.7KG, X1504ZA-NJ320WS, Intel UHD Graphics, Backlit Laptop","₹32,990",4.6,"6,546",https://www.amazon.in/ASUS-Vivobook-IntelCore-Fingerprint-X1404ZA-NK321WS/dp/B0CCP9PH92/ref=sr_1_19?crid=W4U3VV61SVAS&dib=eyJ2IjoiMSJ9.FsRBCfIDCqc74l5-TlLGSLRPbiAE3YxNE0k1CwZJxS3GjHj071QN20LucGBJIEps.r1MLhlQMHvHP7-QKLIhoZsMFBAipOBnhe6jhwp-mHns&dib_tag=se&keywords=laptop&qid=1743100513&sprefix=laptop%2Caps%2C274&sr=8-19&xpid=wA2qvawD06ogv
"HP 15s,12th Gen Intel Core i3-1215U, 8GB DDR4, 512 GB SSD(Win 11, Office 21, Silver, 1.69kg), Anti-Glare, 15.6inch(39.6Cm), FHD Laptop, Intel UHD Graphics, Dual Speakers, HD Camera, fy5006tu","₹33,999",4.3,29,https://www.amazon.in/HP-i3-1215U-Anti-Glare-15-6inch-Graphics/dp/B0CJBL2QWY/ref=sr_1_20?crid=W4U3VV61SVAS&dib=eyJ2IjoiMSJ9.FsRBCfIDCqc74l5-TlLGSLRPbiAE3YxNE0k1CwZJxS3GjHj071QN20LucGBJIEps.r1MLhlQMHvHP7-QKLIhoZsMFBAipOBnhe6jhwp-mHns&dib_tag=se&keywords=laptop&qid=1743100513&sprefix=laptop%2Caps%2C274&sr=8-20&xpid=wA2qvawD06ogv
"Lenovo V15 15.6'' FHD Laptop, 12th Gen Intel Core i5-1235U, 16GB RAM, 512GB SSD, Intel Iris Xe Graphics, Windows 11, MS Office, 1YR On-site Warranty + 1 Year Accidental Damage Protection, Iron Grey","₹41,990",N/A,N/A,https://www.amazon.in/Lenovo-i5-1235U-Graphics-Accidental-Protection/dp/B08KQK6WWZ/ref=sr_1_21?crid=W4U3VV61SVAS&dib=eyJ2IjoiMSJ9.FsRBCfIDCqc74l5-TlLGSLRPbiAE3YxNE0k1CwZJxS02W3UsbfMJ5OI7opFyvBk9dhXau2kThICpOmI-VDsQp6m4tgEkzQhF18hFFg-HaFh-9ndMV74BzTFcGX0yIRcOKOvpjljCWnCXwns-rQRmXOlppzqMxa_KYa_c2V_LU1_SGynKdax0eAazjQwxxyv8EicqOcDOMc32QyxKSM8NT4QtIBYqJRZqokNJahFQc_s.qxK7CH3BARYr5P8rXOwLuFZ4Rv0V-AobMAisBSLw-cM&dib_tag=se&keywords=laptop&qid=1743100513&sprefix=laptop%2Caps%2C274&sr=8-21&xpid=wA2qvawD06ogv
"Acer Aspire 3D 15 SpatialLabs Edition Gaming Laptop Intel Core i5-13420H Processor (16GB/512GB/NVIDIA RTX2050/Win11Home) A3D15-71GM, 39.6 cm(15.6"") UHD 3840 x 2160 IPS Display, Obsidian Black, 2.32KG","₹1,49,990",2.7,7,https://www.amazon.in/sspa/click?ie=UTF8&spc=MTo3ODMxMjE1OTM5MTA1MTc4OjE3NDMxMDA1MTY6c3BfYXRmX25leHQ6MzAwNDg3NTU5ODM4NTMyOjowOjo&url=%2FAcer-SpatialLabs-i5-13420H-Processor-A3D15-71GM%2Fdp%2FB0D8BPBZY1%2Fref%3Dsr_1_33_sspa%3Fcrid%3DW4U3VV61SVAS%26dib%3DeyJ2IjoiMSJ9.1C2g_95Y6-eyaPZs9Keg7yH9w7rOLNGGxvKa2Or9hPnGjHj071QN20LucGBJIEps.Znt6tFg1mNDwRApVd6dk6eWNe8d8z-uBxGLn4meV4Vs%26dib_tag%3Dse%26keywords%3Dlaptop%26qid%3D1743100516%26sprefix%3Dlaptop%252Caps%252C274%26sr%3D8-33-spons%26xpid%3DwA2qvawD06ogv%26sp_csd%3Dd2lkZ2V0TmFtZT1zcF9hdGZfbmV4dA%26psc%3D1
"Acer Aspire 3 Intel Core i3-1305U Processor Laptop with 35.56 cm (14"") Full HD LED-Backlit IPS Display (8 GB RAM/512 GB SSD/WiFi 6/Intel Graphics/Win11 Home/65W) A324-53, Steel Gray, 1.45KG","₹31,988",3.9,815,https://www.amazon.in/sspa/click?ie=UTF8&spc=MTo3ODMxMjE1OTM5MTA1MTc4OjE3NDMxMDA1MTY6c3BfYXRmX25leHQ6MzAwNDM3OTMwNjM0NTMyOjowOjo&url=%2FAcer-i3-1305U-Processor-LED-Backlit-A324-53%2Fdp%2FB0DMFBQ9MY%2Fref%3Dsr_1_34_sspa%3Fcrid%3DW4U3VV61SVAS%26dib%3DeyJ2IjoiMSJ9.1C2g_95Y6-eyaPZs9Keg7yH9w7rOLNGGxvKa2Or9hPnGjHj071QN20LucGBJIEps.Znt6tFg1mNDwRApVd6dk6eWNe8d8z-uBxGLn4meV4Vs%26dib_tag%3Dse%26keywords%3Dlaptop%26qid%3D1743100516%26sprefix%3Dlaptop%252Caps%252C274%26sr%3D8-34-spons%26xpid%3DwA2qvawD06ogv%26sp_csd%3Dd2lkZ2V0TmFtZT1zcF9hdGZfbmV4dA%26psc%3D1
"HP 255 G9 Ryzen 3 Dual Core AMD Ryzen™ 3 Processor 3250U - (8 GB/512 GB SSD/AMD Radeon Graphics) 9H237PT Thin and Light Laptop (15.6 inch, Black, 1.47 kg)","₹23,979",3.9,101,https://www.amazon.in/HP-255-G9-RyzenTM-Processor/dp/B0DMSNR4GG/ref=sr_1_35?crid=W4U3VV61SVAS&dib=eyJ2IjoiMSJ9.1C2g_95Y6-eyaPZs9Keg7yH9w7rOLNGGxvKa2Or9hPnGjHj071QN20LucGBJIEps.Znt6tFg1mNDwRApVd6dk6eWNe8d8z-uBxGLn4meV4Vs&dib_tag=se&keywords=laptop&qid=1743100516&sprefix=laptop%2Caps%2C274&sr=8-35&xpid=wA2qvawD06ogv
"Lenovo IdeaPad Slim 3 13th Gen Intel Core i7-13620H 15.6"" (39.62cm) FHDIPS300 Nits Thin&Light Laptop (16GB/512GB SSD/Intel UHDGraphics/Win11/Office Home 2024/1YrADP Free/ARCTIC-Grey/1.6Kg), 83EM00GTIN","₹66,690",N/A,N/A,https://www.amazon.in/Lenovo-i7-13620H-UHDGraphics-ARCTIC-Grey-83EM00GTIN/dp/B0DL5N2TFC/ref=sr_1_36?crid=W4U3VV61SVAS&dib=eyJ2IjoiMSJ9.1C2g_95Y6-eyaPZs9Keg7yH9w7rOLNGGxvKa2Or9hPnGjHj071QN20LucGBJIEps.Znt6tFg1mNDwRApVd6dk6eWNe8d8z-uBxGLn4meV4Vs&dib_tag=se&keywords=laptop&qid=1743100516&sprefix=laptop%2Caps%2C274&sr=8-36&xpid=wA2qvawD06ogv
"ASUS Vivobook Go 14, AMD Ryzen 3 7320U, 8GB RAM, 512GB SSD, FHD, 14""/35.56cm, Windows 11, Office 2021, Black, 1.38KG, E1404FA-NK325WS, 42WHr, Thin and Light Laptop","₹29,990",N/A,N/A,https://www.amazon.in/ASUS-Vivobook-Laptop-Office-E1404FA-NK325WS/dp/B0CCPC5DTD/ref=sr_1_37?crid=W4U3VV61SVAS&dib=eyJ2IjoiMSJ9.1C2g_95Y6-eyaPZs9Keg7yH9w7rOLNGGxvKa2Or9hPnGjHj071QN20LucGBJIEps.Znt6tFg1mNDwRApVd6dk6eWNe8d8z-uBxGLn4meV4Vs&dib_tag=se&keywords=laptop&qid=1743100516&sprefix=laptop%2Caps%2C274&sr=8-37&xpid=wA2qvawD06ogv
"Acer Aspire 3D 15 SpatialLabs Edition Gaming Laptop Intel Core i5-13420H Processor (16GB/512GB/NVIDIA RTX2050/Win11Home) A3D15-71GM, 39.6 cm(15.6"") UHD 3840 x 2160 IPS Display, Obsidian Black, 2.32KG","₹1,49,990",3.9,367,https://www.amazon.in/sspa/click?ie=UTF8&spc=MTo1ODQ1MTc1MDk2OTc1MDY6MTc0MzEwMDUyMDpzcF9hdGZfbmV4dDozMDA0ODc1NTk4Mzg1MzI6OjA6Og&url=%2FAcer-SpatialLabs-i5-13420H-Processor-A3D15-71GM%2Fdp%2FB0D8BPBZY1%2Fref%3Dsr_1_49_sspa%3Fcrid%3DW4U3VV61SVAS%26dib%3DeyJ2IjoiMSJ9.GvokmtEIRMWYtdneRhYGVYdT-V85JaTyN1UtT-7xph_GjHj071QN20LucGBJIEps.HhrPnLjPDjHZ6r37_yXC5vbYF852v7-NU6IB1ymQoh8%26dib_tag%3Dse%26keywords%3Dlaptop%26qid%3D1743100520%26sprefix%3Dlaptop%252Caps%252C274%26sr%3D8-49-spons%26xpid%3DwA2qvawD06ogv%26sp_csd%3Dd2lkZ2V0TmFtZT1zcF9hdGZfbmV4dA%26psc%3D1
"Acer Aspire 3 Intel Core i3-1305U Processor Laptop with 35.56 cm (14"") Full HD LED-Backlit IPS Display (8 GB RAM/512 GB SSD/WiFi 6/Intel Graphics/Win11 Home/65W) A324-53, Steel Gray, 1.45KG","₹31,988",2.5,4,https://www.amazon.in/sspa/click?ie=UTF8&spc=MTo1ODQ1MTc1MDk2OTc1MDY6MTc0MzEwMDUyMDpzcF9hdGZfbmV4dDozMDA0Mzc5MzA2MzQ1MzI6OjA6Og&url=%2FAcer-i3-1305U-Processor-LED-Backlit-A324-53%2Fdp%2FB0DMFBQ9MY%2Fref%3Dsr_1_50_sspa%3Fcrid%3DW4U3VV61SVAS%26dib%3DeyJ2IjoiMSJ9.GvokmtEIRMWYtdneRhYGVYdT-V85JaTyN1UtT-7xph_GjHj071QN20LucGBJIEps.HhrPnLjPDjHZ6r37_yXC5vbYF852v7-NU6IB1ymQoh8%26dib_tag%3Dse%26keywords%3Dlaptop%26qid%3D1743100520%26sprefix%3Dlaptop%252Caps%252C274%26sr%3D8-50-spons%26xpid%3DwA2qvawD06ogv%26sp_csd%3Dd2lkZ2V0TmFtZT1zcF9hdGZfbmV4dA%26psc%3D1
"HP 15, 12th Gen Intel Core i5-1235U, 16GB DDR4, 512GB SSD, (Win 11, Office 21, Silver, 1.69kg), Anti-Glare, 15.6-inch(39.6cm) FHD Laptop, Intel Iris Xe Graphics, HD Camera, Backlit Keyboard, fy5009tu","₹52,990",4.1,"1,934",https://www.amazon.in/HP-Keyboard-15-6-inch-fy5009TU-fd0111tu/dp/B0D4M66F6R/ref=sr_1_51?crid=W4U3VV61SVAS&dib=eyJ2IjoiMSJ9.GvokmtEIRMWYtdneRhYGVYdT-V85JaTyN1UtT-7xph_GjHj071QN20LucGBJIEps.HhrPnLjPDjHZ6r37_yXC5vbYF852v7-NU6IB1ymQoh8&dib_tag=se&keywords=laptop&qid=1743100520&sprefix=laptop%2Caps%2C274&sr=8-51&xpid=wA2qvawD06ogv
"ASUS ROG Zephyrus G16, Gaming Laptop, Intel Core Ultra 9 185H, Built-in AI, NVIDIA GeForce RTX 4070,16"" 2.5K QHD+ (40.64cm) 240Hz (32GB/1TB SSD/Win 11/Office 2021/Grey/1.85 kg), GU605MI-QP253WS","₹2,09,990",N/A,N/A,https://www.amazon.in/ASUS-Zephyrus-GeForce-40-64cm-GU605MI-QP253WS/dp/B0D25W99M1/ref=sr_1_52?crid=W4U3VV61SVAS&dib=eyJ2IjoiMSJ9.GvokmtEIRMWYtdneRhYGVYdT-V85JaTyN1UtT-7xph_GjHj071QN20LucGBJIEps.HhrPnLjPDjHZ6r37_yXC5vbYF852v7-NU6IB1ymQoh8&dib_tag=se&keywords=laptop&qid=1743100520&sprefix=laptop%2Caps%2C274&sr=8-52&xpid=wA2qvawD06ogv
"HP 15, 13th Gen Intel Core i3-1315U, 8GB DDR4, 512GB SSD, (Win 11, Office 21, Grey, 1.59kg), Anti-Glare, Micro-Edge,15.6-inch(39.6cm), FHD Laptop, Intel UHD Graphics, 1080p FHD Camera, fd0006TU","₹39,390",N/A,N/A,https://www.amazon.in/HP-i3-1315U-Anti-Glare-Micro-Edge-15-6-inch/dp/B0C3RF3HT3/ref=sr_1_53?crid=W4U3VV61SVAS&dib=eyJ2IjoiMSJ9.GvokmtEIRMWYtdneRhYGVYdT-V85JaTyN1UtT-7xph_GjHj071QN20LucGBJIEps.HhrPnLjPDjHZ6r37_yXC5vbYF852v7-NU6IB1ymQoh8&dib_tag=se&keywords=laptop&qid=1743100520&sprefix=laptop%2Caps%2C274&sr=8-53&xpid=wA2qvawD06ogv
"Acer Aspire 3D 15 SpatialLabs Edition Gaming Laptop Intel Core i5-13420H Processor (16GB/512GB/NVIDIA RTX2050/Win11Home) A3D15-71GM, 39.6 cm(15.6"") UHD 3840 x 2160 IPS Display, Obsidian Black, 2.32KG","₹1,49,990",4.0,115,https://www.amazon.in/sspa/click?ie=UTF8&spc=MTo1ODU0Nzc2OTQ2NTg3MDE2OjE3NDMxMDA1MjI6c3BfYXRmX25leHQ6MzAwNDg3NTU5ODM4NTMyOjowOjo&url=%2FAcer-SpatialLabs-i5-13420H-Processor-A3D15-71GM%2Fdp%2FB0D8BPBZY1%2Fref%3Dsr_1_65_sspa%3Fcrid%3DW4U3VV61SVAS%26dib%3DeyJ2IjoiMSJ9.jvkNHLLUTwo0Yp5UWPB6RkgL57PjS5b9jT28x1ztsrjGjHj071QN20LucGBJIEps.2-1bqsnJa5_GF2jWH5__u8cqxwvMzfF7-pbQyYxfDAI%26dib_tag%3Dse%26keywords%3Dlaptop%26qid%3D1743100522%26sprefix%3Dlaptop%252Caps%252C274%26sr%3D8-65-spons%26xpid%3DwA2qvawD06ogv%26sp_csd%3Dd2lkZ2V0TmFtZT1zcF9hdGZfbmV4dA%26psc%3D1
"Acer Aspire 3 Intel Core i3-1305U Processor Laptop with 35.56 cm (14"") Full HD LED-Backlit IPS Display (8 GB RAM/512 GB SSD/WiFi 6/Intel Graphics/Win11 Home/65W) A324-53, Steel Gray, 1.45KG","₹31,988",3.4,265,https://www.amazon.in/sspa/click?ie=UTF8&spc=MTo1ODU0Nzc2OTQ2NTg3MDE2OjE3NDMxMDA1MjI6c3BfYXRmX25leHQ6MzAwNDM3OTMwNjM0NTMyOjowOjo&url=%2FAcer-i3-1305U-Processor-LED-Backlit-A324-53%2Fdp%2FB0DMFBQ9MY%2Fref%3Dsr_1_66_sspa%3Fcrid%3DW4U3VV61SVAS%26dib%3DeyJ2IjoiMSJ9.jvkNHLLUTwo0Yp5UWPB6RkgL57PjS5b9jT28x1ztsrjGjHj071QN20LucGBJIEps.2-1bqsnJa5_GF2jWH5__u8cqxwvMzfF7-pbQyYxfDAI%26dib_tag%3Dse%26keywords%3Dlaptop%26qid%3D1743100522%26sprefix%3Dlaptop%252Caps%252C274%26sr%3D8-66-spons%26xpid%3DwA2qvawD06ogv%26sp_csd%3Dd2lkZ2V0TmFtZT1zcF9hdGZfbmV4dA%26psc%3D1
"HP 15s,12th Gen Intel Core i3-1215U, 8GB DDR4, 256GB SSD, Anti-Glare, Micro-Edge, 15.6-inch(39.6cm) FHD Laptop, Intel UHD Graphics, Full-Size KB (Win 11, Office 21, Silver, 1.69kg) fy5010tu","₹30,999",3.9,186,https://www.amazon.in/HP-Anti-Glare-Micro-Edge-15-6-inch-Full-Size/dp/B0D4M15QMW/ref=sr_1_67?crid=W4U3VV61SVAS&dib=eyJ2IjoiMSJ9.jvkNHLLUTwo0Yp5UWPB6RkgL57PjS5b9jT28x1ztsrjGjHj071QN20LucGBJIEps.2-1bqsnJa5_GF2jWH5__u8cqxwvMzfF7-pbQyYxfDAI&dib_tag=se&keywords=laptop&qid=1743100522&sprefix=laptop%2Caps%2C274&sr=8-67&xpid=wA2qvawD06ogv
"Acer Aspire 3 Laptop Intel Core Celeron N4500 Processor Laptop (8 GB LPDDR4X SDRAM/256 GB SSD/Win11 Home/38 WHR/HD Webcam) A325-45 with 39.63 cm (15.6"") HD Display, Pure Silver, 1.5 KG","₹22,990",N/A,N/A,https://www.amazon.in/Acer-Celeron-Processor-LPDDR4X-A325-45/dp/B0D7PTFFZH/ref=sr_1_68?crid=W4U3VV61SVAS&dib=eyJ2IjoiMSJ9.jvkNHLLUTwo0Yp5UWPB6RkgL57PjS5b9jT28x1ztsrjGjHj071QN20LucGBJIEps.2-1bqsnJa5_GF2jWH5__u8cqxwvMzfF7-pbQyYxfDAI&dib_tag=se&keywords=laptop&qid=1743100522&sprefix=laptop%2Caps%2C274&sr=8-68&xpid=wA2qvawD06ogv
"HP [Smart Choice Omen Gaming Laptop, AMD Ryzen 7 7840Hs, 8GB RTX 4060 GPU, 16.1""(40.9 Cm), FHD, IPS, 165 Hz, 300 Nits, 16GB DDR5, 1Tb SSD, RGB Kb, 7Ms Response Time (Win 11, Black, 2.32 Kg),Xd0020Ax","₹1,10,990",N/A,N/A,https://www.amazon.in/Choice-HP-Gaming-Response-xd0020AX/dp/B0CCVZP835/ref=sr_1_69?crid=W4U3VV61SVAS&dib=eyJ2IjoiMSJ9.jvkNHLLUTwo0Yp5UWPB6RkgL57PjS5b9jT28x1ztsrjGjHj071QN20LucGBJIEps.2-1bqsnJa5_GF2jWH5__u8cqxwvMzfF7-pbQyYxfDAI&dib_tag=se&keywords=laptop&qid=1743100522&sprefix=laptop%2Caps%2C274&sr=8-69&xpid=wA2qvawD06ogv
"Acer Aspire 3D 15 SpatialLabs Edition Gaming Laptop Intel Core i5-13420H Processor (16GB/512GB/NVIDIA RTX2050/Win11Home) A3D15-71GM, 39.6 cm(15.6"") UHD 3840 x 2160 IPS Display, Obsidian Black, 2.32KG","₹1,49,990",4.0,33,https://www.amazon.in/sspa/click?ie=UTF8&spc=MToyNTU4MTAwODcyODI5NDU0OjE3NDMxMDA1MjU6c3BfYXRmX25leHQ6MzAwNDg3NTU5ODM4NTMyOjowOjo&url=%2FAcer-SpatialLabs-i5-13420H-Processor-A3D15-71GM%2Fdp%2FB0D8BPBZY1%2Fref%3Dsr_1_81_sspa%3Fcrid%3DW4U3VV61SVAS%26dib%3DeyJ2IjoiMSJ9.wJZirLw6rPko6VkhugUEkryG6GcfOvIxcY8Ir8091gXGjHj071QN20LucGBJIEps.4mg9yHdXqyOZ_HdLzrj8VPksDtBgNK1uY5UV83xa0pQ%26dib_tag%3Dse%26keywords%3Dlaptop%26qid%3D1743100525%26sprefix%3Dlaptop%252Caps%252C274%26sr%3D8-81-spons%26xpid%3DwA2qvawD06ogv%26sp_csd%3Dd2lkZ2V0TmFtZT1zcF9hdGZfbmV4dA%26psc%3D1
"Acer Aspire 3 Intel Core i3-1305U Processor Laptop with 35.56 cm (14"") Full HD LED-Backlit IPS Display (8 GB RAM/512 GB SSD/WiFi 6/Intel Graphics/Win11 Home/65W) A324-53, Steel Gray, 1.45KG","₹31,988",5.0,3,https://www.amazon.in/sspa/click?ie=UTF8&spc=MToyNTU4MTAwODcyODI5NDU0OjE3NDMxMDA1MjU6c3BfYXRmX25leHQ6MzAwNDM3OTMwNjM0NTMyOjowOjo&url=%2FAcer-i3-1305U-Processor-LED-Backlit-A324-53%2Fdp%2FB0DMFBQ9MY%2Fref%3Dsr_1_82_sspa%3Fcrid%3DW4U3VV61SVAS%26dib%3DeyJ2IjoiMSJ9.wJZirLw6rPko6VkhugUEkryG6GcfOvIxcY8Ir8091gXGjHj071QN20LucGBJIEps.4mg9yHdXqyOZ_HdLzrj8VPksDtBgNK1uY5UV83xa0pQ%26dib_tag%3Dse%26keywords%3Dlaptop%26qid%3D1743100525%26sprefix%3Dlaptop%252Caps%252C274%26sr%3D8-82-spons%26xpid%3DwA2qvawD06ogv%26sp_csd%3Dd2lkZ2V0TmFtZT1zcF9hdGZfbmV4dA%26psc%3D1
"HP Victus, 13th Gen Intel Core i5-13420H, NVIDIA RTX 2050 (Upgradable 16GB, 512GB SSD) Microsoft 365* Office24, Win11, 144Hz, 300 nits,IPS, 15.6inch(39.6cm) Gaming Laptop, Mica Silver, 2.3kg, fb2703tx","₹65,990",3.9,9,https://www.amazon.in/HP-i5-13420H-Upgradable-Microsoft-Office24/dp/B0DV97GJBK/ref=sr_1_83?crid=W4U3VV61SVAS&dib=eyJ2IjoiMSJ9.wJZirLw6rPko6VkhugUEkryG6GcfOvIxcY8Ir8091gXGjHj071QN20LucGBJIEps.4mg9yHdXqyOZ_HdLzrj8VPksDtBgNK1uY5UV83xa0pQ&dib_tag=se&keywords=laptop&qid=1743100525&sprefix=laptop%2Caps%2C274&sr=8-83&xpid=wA2qvawD06ogv
"Acer Aspire Lite, Intel Core i5-1334U, 13th Gen, 16GB RAM, 512GB SSD, Full HD, 15.6""/39.62cm, Windows 11 Home, MS Office, Steel Gray, 1.59KG, AL15-53, Metal Body, Thin and Light Premium Laptop","₹53,990",N/A,N/A,https://www.amazon.in/Acer-i5-1334U-39-62cm-Windows-AL15-53/dp/B0DPXBHF8H/ref=sr_1_84?crid=W4U3VV61SVAS&dib=eyJ2IjoiMSJ9.wJZirLw6rPko6VkhugUEkryG6GcfOvIxcY8Ir8091gXGjHj071QN20LucGBJIEps.4mg9yHdXqyOZ_HdLzrj8VPksDtBgNK1uY5UV83xa0pQ&dib_tag=se&keywords=laptop&qid=1743100525&sprefix=laptop%2Caps%2C274&sr=8-84&xpid=wA2qvawD06ogv
"Lenovo V15 Thin & Light Laptop, 15.6"" FHD Display, Intel Core i5 12th Gen (1235U), 16GB DDR4 RAM, 512GB SSD, Webcam, HDMI, Wi-Fi-6, Windows 11, Intel Iris Xe Graphics, Black,1 Year Brand Warranty","₹41,600",N/A,N/A,https://www.amazon.in/Lenovo-V15-Display-Graphics-Warranty/dp/B0DBLGQVD9/ref=sr_1_85?crid=W4U3VV61SVAS&dib=eyJ2IjoiMSJ9.wJZirLw6rPko6VkhugUEkryG6GcfOvIxcY8Ir8091gXGjHj071QN20LucGBJIEps.4mg9yHdXqyOZ_HdLzrj8VPksDtBgNK1uY5UV83xa0pQ&dib_tag=se&keywords=laptop&qid=1743100525&sprefix=laptop%2Caps%2C274&sr=8-85&xpid=wA2qvawD06ogv
"Acer Aspire 3D 15 SpatialLabs Edition Gaming Laptop Intel Core i5-13420H Processor (16GB/512GB/NVIDIA RTX2050/Win11Home) A3D15-71GM, 39.6 cm(15.6"") UHD 3840 x 2160 IPS Display, Obsidian Black, 2.32KG","₹1,49,990",4.3,"12,656",https://www.amazon.in/sspa/click?ie=UTF8&spc=MTo2OTg1NTgxODM4MDc1MjA1OjE3NDMxMDA1Mjg6c3BfYXRmX25leHQ6MzAwNDg3NTU5ODM4NTMyOjowOjo&url=%2FAcer-SpatialLabs-i5-13420H-Processor-A3D15-71GM%2Fdp%2FB0D8BPBZY1%2Fref%3Dsr_1_97_sspa%3Fcrid%3DW4U3VV61SVAS%26dib%3DeyJ2IjoiMSJ9.Xwo624joHvDLvGGFN1e9YQVYl0czviUYDXG3r292WWzGjHj071QN20LucGBJIEps.mUPM4Kv_JORDv5t8jWgLPmDZfl5_YVW_lmJIJfPMyoE%26dib_tag%3Dse%26keywords%3Dlaptop%26qid%3D1743100528%26sprefix%3Dlaptop%252Caps%252C274%26sr%3D8-97-spons%26xpid%3DwA2qvawD06ogv%26sp_csd%3Dd2lkZ2V0TmFtZT1zcF9hdGZfbmV4dA%26psc%3D1
"Acer Aspire 3 Intel Core i3-1305U Processor Laptop with 35.56 cm (14"") Full HD LED-Backlit IPS Display (8 GB RAM/512 GB SSD/WiFi 6/Intel Graphics/Win11 Home/65W) A324-53, Steel Gray, 1.45KG","₹31,988",4.0,488,https://www.amazon.in/sspa/click?ie=UTF8&spc=MTo2OTg1NTgxODM4MDc1MjA1OjE3NDMxMDA1Mjg6c3BfYXRmX25leHQ6MzAwNDM3OTMwNjM0NTMyOjowOjo&url=%2FAcer-i3-1305U-Processor-LED-Backlit-A324-53%2Fdp%2FB0DMFBQ9MY%2Fref%3Dsr_1_98_sspa%3Fcrid%3DW4U3VV61SVAS%26dib%3DeyJ2IjoiMSJ9.Xwo624joHvDLvGGFN1e9YQVYl0czviUYDXG3r292WWzGjHj071QN20LucGBJIEps.mUPM4Kv_JORDv5t8jWgLPmDZfl5_YVW_lmJIJfPMyoE%26dib_tag%3Dse%26keywords%3Dlaptop%26qid%3D1743100528%26sprefix%3Dlaptop%252Caps%252C274%26sr%3D8-98-spons%26xpid%3DwA2qvawD06ogv%26sp_csd%3Dd2lkZ2V0TmFtZT1zcF9hdGZfbmV4dA%26psc%3D1
"Dyazo Water Resistant Laptop Sleeve with Handle Compatible for 15 Inch to 15.6"" Inches laptops & Notebooks - Grey",₹299,N/A,N/A,https://www.amazon.in/Dyazo-Resistant-Compatible-laptops-Notebooks/dp/B09BFV96TS/ref=sr_1_99?crid=W4U3VV61SVAS&dib=eyJ2IjoiMSJ9.Xwo624joHvDLvGGFN1e9YQVYl0czviUYDXG3r292WWzGjHj071QN20LucGBJIEps.mUPM4Kv_JORDv5t8jWgLPmDZfl5_YVW_lmJIJfPMyoE&dib_tag=se&keywords=laptop&qid=1743100528&sprefix=laptop%2Caps%2C274&sr=8-99&xpid=wA2qvawD06ogv
"ASUS Vivobook 14, 14"" FHD (1920 x 1080),Intel Core i3-1315U Processor, (8GB RAM/512GB SSD/Intel UHD iGPU/Windows 11/MS Office 365 Basic (1Year)*/Office Home 2024/Quiet Blue/1.40 kg), X1404VA-NK760WS","₹36,990",N/A,N/A,https://www.amazon.in/ASUS-Vivobook-i3-1315U-Processor-X1404VA-NK760WS/dp/B0DTYCYB7H/ref=sr_1_100?crid=W4U3VV61SVAS&dib=eyJ2IjoiMSJ9.Xwo624joHvDLvGGFN1e9YQVYl0czviUYDXG3r292WWzGjHj071QN20LucGBJIEps.mUPM4Kv_JORDv5t8jWgLPmDZfl5_YVW_lmJIJfPMyoE&dib_tag=se&keywords=laptop&qid=1743100528&sprefix=laptop%2Caps%2C274&sr=8-100&xpid=wA2qvawD06ogv
"Lenovo IdeaPad 3 12th Gen Intel Core i3-1215U 14 Inch (35.5cm) FHD Thin & Light Laptop (8GB/512GB SSD/Win 11/Office 2021/Backlit KB/3months Game Pass/Arctic Grey/1.43Kg), 82RJ00FKIN","₹35,990",N/A,N/A,https://www.amazon.in/Lenovo-IdeaPad-i3-1215U-Backlit-82RJ00FKIN/dp/B0DB1WCBBS/ref=sr_1_101?crid=W4U3VV61SVAS&dib=eyJ2IjoiMSJ9.Xwo624joHvDLvGGFN1e9YQVYl0czviUYDXG3r292WWzGjHj071QN20LucGBJIEps.mUPM4Kv_JORDv5t8jWgLPmDZfl5_YVW_lmJIJfPMyoE&dib_tag=se&keywords=laptop&qid=1743100528&sprefix=laptop%2Caps%2C274&sr=8-101&xpid=wA2qvawD06ogv
"Acer Aspire 3D 15 SpatialLabs Edition Gaming Laptop Intel Core i5-13420H Processor (16GB/512GB/NVIDIA RTX2050/Win11Home) A3D15-71GM, 39.6 cm(15.6"") UHD 3840 x 2160 IPS Display, Obsidian Black, 2.32KG","₹1,49,990",3.4,18,https://www.amazon.in/sspa/click?ie=UTF8&spc=MToyOTc4NTczNDM5MTExOTE2OjE3NDMxMDA1MzE6c3BfYXRmX25leHQ6MzAwNDg3NTU5ODM4NTMyOjowOjo&url=%2FAcer-SpatialLabs-i5-13420H-Processor-A3D15-71GM%2Fdp%2FB0D8BPBZY1%2Fref%3Dsr_1_113_sspa%3Fcrid%3DW4U3VV61SVAS%26dib%3DeyJ2IjoiMSJ9.KucxVh-g1hx-KsJA4VLfgGyaWmKiDpTRL6ZsgWaYHtnGjHj071QN20LucGBJIEps.XyFWtKZMKR4XBTLvPImxD7vSIUGEcHW4sZu3YH6GtOA%26dib_tag%3Dse%26keywords%3Dlaptop%26qid%3D1743100531%26sprefix%3Dlaptop%252Caps%252C274%26sr%3D8-113-spons%26xpid%3DwA2qvawD06ogv%26sp_csd%3Dd2lkZ2V0TmFtZT1zcF9hdGZfbmV4dA%26psc%3D1
"Acer Aspire 3 Intel Core i3-1305U Processor Laptop with 35.56 cm (14"") Full HD LED-Backlit IPS Display (8 GB RAM/512 GB SSD/WiFi 6/Intel Graphics/Win11 Home/65W) A324-53, Steel Gray, 1.45KG","₹31,988",3.9,"1,064",https://www.amazon.in/sspa/click?ie=UTF8&spc=MToyOTc4NTczNDM5MTExOTE2OjE3NDMxMDA1MzE6c3BfYXRmX25leHQ6MzAwNDM3OTMwNjM0NTMyOjowOjo&url=%2FAcer-i3-1305U-Processor-LED-Backlit-A324-53%2Fdp%2FB0DMFBQ9MY%2Fref%3Dsr_1_114_sspa%3Fcrid%3DW4U3VV61SVAS%26dib%3DeyJ2IjoiMSJ9.KucxVh-g1hx-KsJA4VLfgGyaWmKiDpTRL6ZsgWaYHtnGjHj071QN20LucGBJIEps.XyFWtKZMKR4XBTLvPImxD7vSIUGEcHW4sZu3YH6GtOA%26dib_tag%3Dse%26keywords%3Dlaptop%26qid%3D1743100531%26sprefix%3Dlaptop%252Caps%252C274%26sr%3D8-114-spons%26xpid%3DwA2qvawD06ogv%26sp_csd%3Dd2lkZ2V0TmFtZT1zcF9hdGZfbmV4dA%26psc%3D1
"HP 15, AMD Ryzen 5 7520U, 16GB DDR5, 512GB SSD, (Win 11, Office 21, Silver, 1.59kg), Anti-Glare, Micro-Edge, 15.6-inch(39.6cm), FHD Laptop, AMD Radeon Graphics, 1080p FHD Camera, Backlit KB, fc0156AU","₹43,499",3.5,"3,212",https://www.amazon.in/HP-RyzenTM-15-6-inch-Speakers-15s-fc0156AU/dp/B0CY2PLQ8N/ref=sr_1_115?crid=W4U3VV61SVAS&dib=eyJ2IjoiMSJ9.KucxVh-g1hx-KsJA4VLfgGyaWmKiDpTRL6ZsgWaYHtnGjHj071QN20LucGBJIEps.XyFWtKZMKR4XBTLvPImxD7vSIUGEcHW4sZu3YH6GtOA&dib_tag=se&keywords=laptop&qid=1743100531&sprefix=laptop%2Caps%2C274&sr=8-115&xpid=wA2qvawD06ogv
"Dell {Smartchoice} G15-5530 Core i5-13450HX| NVIDIA RTX 3050, 6GB (16GB RAM|1TB SSD, FHD|Window 11|MS Office' 21|15.6"" (39.62cm)|Dark Shadow Grey|2.65Kg|Gaming Laptop","₹76,962",N/A,N/A,https://www.amazon.in/Dell-Smartchoice-G15-5530-Gaming-i5-13450HX/dp/B0CRKXDX83/ref=sr_1_116?crid=W4U3VV61SVAS&dib=eyJ2IjoiMSJ9.KucxVh-g1hx-KsJA4VLfgGyaWmKiDpTRL6ZsgWaYHtnGjHj071QN20LucGBJIEps.XyFWtKZMKR4XBTLvPImxD7vSIUGEcHW4sZu3YH6GtOA&dib_tag=se&keywords=laptop&qid=1743100531&sprefix=laptop%2Caps%2C274&sr=8-116&xpid=wA2qvawD06ogv
"Chuwi HeroBook Plus 15.6"" FHD Laptop, Intel Celeron N4020 Dual Core Processor Upto 2.80GHz, 8GB RAM, 256GB SSD, Intel UHD Graphics, Windows 11,WiFi 6,Webcam,BT 5.2,HDMI Port,38Wh, 1.74kg (Iron Gray)","₹18,990",N/A,N/A,https://www.amazon.in/Chuwi-HeroBook-Plus-Processor-Graphics/dp/B0D9QQ7SS1/ref=sr_1_117?crid=W4U3VV61SVAS&dib=eyJ2IjoiMSJ9.KucxVh-g1hx-KsJA4VLfgGyaWmKiDpTRL6ZsgWaYHtnGjHj071QN20LucGBJIEps.XyFWtKZMKR4XBTLvPImxD7vSIUGEcHW4sZu3YH6GtOA&dib_tag=se&keywords=laptop&qid=1743100531&sprefix=laptop%2Caps%2C274&sr=8-117&xpid=wA2qvawD06ogv
"Acer Aspire 3D 15 SpatialLabs Edition Gaming Laptop Intel Core i5-13420H Processor (16GB/512GB/NVIDIA RTX2050/Win11Home) A3D15-71GM, 39.6 cm(15.6"") UHD 3840 x 2160 IPS Display, Obsidian Black, 2.32KG","₹1,49,990",3.4,19,https://www.amazon.in/sspa/click?ie=UTF8&spc=MToxMzQwODEyMDA0NDY5MDU2OjE3NDMxMDA1MzQ6c3BfYXRmX25leHQ6MzAwNDg3NTU5ODM4NTMyOjowOjo&url=%2FAcer-SpatialLabs-i5-13420H-Processor-A3D15-71GM%2Fdp%2FB0D8BPBZY1%2Fref%3Dsr_1_129_sspa%3Fcrid%3DW4U3VV61SVAS%26dib%3DeyJ2IjoiMSJ9.p5n3Xx_6vkO-oDW9JtXwNJgV3HwS6JejliE5J4QQDQXGjHj071QN20LucGBJIEps.ZSl4X2FdYxyYaPSM5P45TNU99x_v6bC577AmjusM2zU%26dib_tag%3Dse%26keywords%3Dlaptop%26qid%3D1743100534%26sprefix%3Dlaptop%252Caps%252C274%26sr%3D8-129-spons%26xpid%3DwA2qvawD06ogv%26sp_csd%3Dd2lkZ2V0TmFtZT1zcF9hdGZfbmV4dA%26psc%3D1
"Acer Aspire 3 Intel Core i3-1305U Processor Laptop with 35.56 cm (14"") Full HD LED-Backlit IPS Display (8 GB RAM/512 GB SSD/WiFi 6/Intel Graphics/Win11 Home/65W) A324-53, Steel Gray, 1.45KG","₹31,988",3.9,129,https://www.amazon.in/sspa/click?ie=UTF8&spc=MToxMzQwODEyMDA0NDY5MDU2OjE3NDMxMDA1MzQ6c3BfYXRmX25leHQ6MzAwNDM3OTMwNjM0NTMyOjowOjo&url=%2FAcer-i3-1305U-Processor-LED-Backlit-A324-53%2Fdp%2FB0DMFBQ9MY%2Fref%3Dsr_1_130_sspa%3Fcrid%3DW4U3VV61SVAS%26dib%3DeyJ2IjoiMSJ9.p5n3Xx_6vkO-oDW9JtXwNJgV3HwS6JejliE5J4QQDQXGjHj071QN20LucGBJIEps.ZSl4X2FdYxyYaPSM5P45TNU99x_v6bC577AmjusM2zU%26dib_tag%3Dse%26keywords%3Dlaptop%26qid%3D1743100534%26sprefix%3Dlaptop%252Caps%252C274%26sr%3D8-130-spons%26xpid%3DwA2qvawD06ogv%26sp_csd%3Dd2lkZ2V0TmFtZT1zcF9hdGZfbmV4dA%26psc%3D1
"HP Victus, 12th Gen Intel Core i7-12650H, NVIDIA RTX 3050, 16GB DDR4, 1TB SSD (Win11, Office21, Blue, 2.3kg), 144Hz, 9MS, IPS, 15.6-inch(39.6cm), Flicker-Free Gaming Laptop, Enhanced Cooling,fa1389TX","₹75,990",3.5,95,https://www.amazon.in/HP-i7-12650H-15-6-inch-Backlit-fa1389TX/dp/B0D81CT9JJ/ref=sr_1_131?crid=W4U3VV61SVAS&dib=eyJ2IjoiMSJ9.p5n3Xx_6vkO-oDW9JtXwNJgV3HwS6JejliE5J4QQDQXGjHj071QN20LucGBJIEps.ZSl4X2FdYxyYaPSM5P45TNU99x_v6bC577AmjusM2zU&dib_tag=se&keywords=laptop&qid=1743100534&sprefix=laptop%2Caps%2C274&sr=8-131&xpid=wA2qvawD06ogv
"Lenovo V15 G4 AMD Athlon Silver 7120U Laptop 8GB LPDDR5 Ram, 512 GB SSD PCIe, Windows 11 Lifetime Validity,15.6"" FHD Screen, AMD Radeon 610M, Silver, 1 Year Brand Warranty","₹24,990",N/A,N/A,https://www.amazon.in/Lenovo-V15-Lifetime-Validity-Warranty/dp/B0CL7CMTXS/ref=sr_1_132?crid=W4U3VV61SVAS&dib=eyJ2IjoiMSJ9.p5n3Xx_6vkO-oDW9JtXwNJgV3HwS6JejliE5J4QQDQXGjHj071QN20LucGBJIEps.ZSl4X2FdYxyYaPSM5P45TNU99x_v6bC577AmjusM2zU&dib_tag=se&keywords=laptop&qid=1743100534&sprefix=laptop%2Caps%2C274&sr=8-132&xpid=wA2qvawD06ogv
"HP 15, 13th Gen Intel Core i3-1315U, 8GB DDR4, 512GB SSD, (Win 11, Office 21, Silver, 1.59kg), Anti-Glare, Micro-Edge, 15.6-inch(39.6cm), FHD Laptop, Intel UHD Graphics, 1080p FHD Camera, fd0186TU","₹39,000",N/A,N/A,https://www.amazon.in/HP-Keyboard-15-6-inch-Windows-fd0186TU/dp/B0D2KDCWJL/ref=sr_1_133?crid=W4U3VV61SVAS&dib=eyJ2IjoiMSJ9.p5n3Xx_6vkO-oDW9JtXwNJgV3HwS6JejliE5J4QQDQXGjHj071QN20LucGBJIEps.ZSl4X2FdYxyYaPSM5P45TNU99x_v6bC577AmjusM2zU&dib_tag=se&keywords=laptop&qid=1743100534&sprefix=laptop%2Caps%2C274&sr=8-133&xpid=wA2qvawD06ogv
"Acer Aspire 3D 15 SpatialLabs Edition Gaming Laptop Intel Core i5-13420H Processor (16GB/512GB/NVIDIA RTX2050/Win11Home) A3D15-71GM, 39.6 cm(15.6"") UHD 3840 x 2160 IPS Display, Obsidian Black, 2.32KG","₹1,49,990",1.0,1,https://www.amazon.in/sspa/click?ie=UTF8&spc=MTo0ODgzODM5NTE5MzIzMzI5OjE3NDMxMDA1Mzc6c3BfYXRmX25leHQ6MzAwNDg3NTU5ODM4NTMyOjowOjo&url=%2FAcer-SpatialLabs-i5-13420H-Processor-A3D15-71GM%2Fdp%2FB0D8BPBZY1%2Fref%3Dsr_1_145_sspa%3Fcrid%3DW4U3VV61SVAS%26dib%3DeyJ2IjoiMSJ9.WixUFfFF8fGzMDB_Uidyu3PvNvdqduU0oCJgfQwZhe_GjHj071QN20LucGBJIEps.X9UrfKqOHHVa3jQrYoCDykH7KWwHPK7CV802Hb9DyAs%26dib_tag%3Dse%26keywords%3Dlaptop%26qid%3D1743100537%26sprefix%3Dlaptop%252Caps%252C274%26sr%3D8-145-spons%26xpid%3DwA2qvawD06ogv%26sp_csd%3Dd2lkZ2V0TmFtZT1zcF9hdGZfbmV4dA%26psc%3D1
"ASUS Vivobook 16,16"" FHD+(1920 x 1200),Intel Core Ultra 5 Processor,(16GB RAM/512GB SSD/Integrated Graphics/Windows 11/MS Office 365 Basic(1Year)*/Office Home 2024/Cool Silver/1.88 Kg),X1607CA-MB142WS","₹75,890",3.8,73,https://www.amazon.in/sspa/click?ie=UTF8&spc=MTo0ODgzODM5NTE5MzIzMzI5OjE3NDMxMDA1Mzc6c3BfYXRmX25leHQ6MzAwNDgwMTgyMzc2NjMyOjowOjo&url=%2FASUS-Vivobook-Processor-Integrated-X1607CA-MB142WS%2Fdp%2FB0DT74FF9P%2Fref%3Dsr_1_146_sspa%3Fcrid%3DW4U3VV61SVAS%26dib%3DeyJ2IjoiMSJ9.WixUFfFF8fGzMDB_Uidyu3PvNvdqduU0oCJgfQwZhe_GjHj071QN20LucGBJIEps.X9UrfKqOHHVa3jQrYoCDykH7KWwHPK7CV802Hb9DyAs%26dib_tag%3Dse%26keywords%3Dlaptop%26qid%3D1743100537%26sprefix%3Dlaptop%252Caps%252C274%26sr%3D8-146-spons%26xpid%3DwA2qvawD06ogv%26sp_csd%3Dd2lkZ2V0TmFtZT1zcF9hdGZfbmV4dA%26psc%3D1
"HP 15 AMD Ryzen 3 7320U (8GB Ram/512GB SSD/Fhd/15.6"" (39.6 Cm)/Backlit Keyboard/Windows 11/Ms Office 21/1.59Kg/Silver) Fc0026Au Laptop","₹30,250",4.0,134,https://www.amazon.in/HP-Backlit-Keyboard-Windows-Fc0026Au/dp/B0C3RCR4K7/ref=sr_1_147?crid=W4U3VV61SVAS&dib=eyJ2IjoiMSJ9.WixUFfFF8fGzMDB_Uidyu3PvNvdqduU0oCJgfQwZhe_GjHj071QN20LucGBJIEps.X9UrfKqOHHVa3jQrYoCDykH7KWwHPK7CV802Hb9DyAs&dib_tag=se&keywords=laptop&qid=1743100537&sprefix=laptop%2Caps%2C274&sr=8-147&xpid=wA2qvawD06ogv
"MSI Creator 16 AI Studio (2024) 16” UHD+ MiniLED 120Hz Laptop: Intel Core Ultra 9-185H, NVIDIA RTX 4090, 64GB DDR5, 2TB NVMe SSD, WiFi 7, Win 11 Pro: Lunar Gray A1VIG-202TAAUS","₹3,92,000",N/A,N/A,https://www.amazon.in/MSI-Creator-Studio-MiniLED-Laptop/dp/B0D3M73QNK/ref=sr_1_148?crid=W4U3VV61SVAS&dib=eyJ2IjoiMSJ9.WixUFfFF8fGzMDB_Uidyu3PvNvdqduU0oCJgfQwZhe_GjHj071QN20LucGBJIEps.X9UrfKqOHHVa3jQrYoCDykH7KWwHPK7CV802Hb9DyAs&dib_tag=se&keywords=laptop&qid=1743100537&sprefix=laptop%2Caps%2C274&sr=8-148&xpid=wA2qvawD06ogv
"ASUS VivoBook 15 (2022), Intel Core i3-1215U, 12th Gen, 8GB RAM, 512GB SSD, FHD, 15.6""/39.62cm, Windows 11, MS Office 2021, Icelight Silver, 1.7KG, X1502ZA-EJ322WS, Backlit KB Laptop","₹32,790",3.9,18,https://www.amazon.in/ASUS-VivoBook-Intel%C2%AECoreTM-i3-1215U-X1502ZA-EJ322WS/dp/B0BTVMBLZC/ref=sr_1_149?crid=W4U3VV61SVAS&dib=eyJ2IjoiMSJ9.WixUFfFF8fGzMDB_Uidyu3PvNvdqduU0oCJgfQwZhe_SbJDWYhG-vtkdQQkZAEwJm2BC2gTSfUdQpeKlN8MFXLOuPs0ZLQYxwWn7Sm_T12sIud5n0bqKtiwmFDTEDOjPKo8xialDcLtBZByi_vaMZV1U1ryaIhDVqE1ixqxvnXZAz76UdKf2JEQtwA4Cy0XGao2k4v7SvlsrLkdWUKIe_zkxP6MZSftvO5w4fEABwPk.of_NKGOmREf0Os_Y9heQUpaK5c0bgsldHIQG1zG-JF0&dib_tag=se&keywords=laptop&qid=1743100537&sprefix=laptop%2Caps%2C274&sr=8-149&xpid=wA2qvawD06ogv
"Acer Aspire 3D 15 SpatialLabs Edition Gaming Laptop Intel Core i5-13420H Processor (16GB/512GB/NVIDIA RTX2050/Win11Home) A3D15-71GM, 39.6 cm(15.6"") UHD 3840 x 2160 IPS Display, Obsidian Black, 2.32KG","₹1,49,990",3.6,39,https://www.amazon.in/sspa/click?ie=UTF8&spc=MToxNzY5MDQ2NTIyNTQ5MTY0OjE3NDMxMDA1NDA6c3BfYXRmX25leHQ6MzAwNDg3NTU5ODM4NTMyOjowOjo&url=%2FAcer-SpatialLabs-i5-13420H-Processor-A3D15-71GM%2Fdp%2FB0D8BPBZY1%2Fref%3Dsr_1_161_sspa%3Fcrid%3DW4U3VV61SVAS%26dib%3DeyJ2IjoiMSJ9.RErx3V9_NA726zYDfD19Q7yhPk-Ng2if4MtJtaXmINjGjHj071QN20LucGBJIEps.wIXtC-_nNF9SY9ibDYU2PAiWrS4lI3csUT4WTEC8PFc%26dib_tag%3Dse%26keywords%3Dlaptop%26qid%3D1743100540%26sprefix%3Dlaptop%252Caps%252C274%26sr%3D8-161-spons%26xpid%3DwA2qvawD06ogv%26sp_csd%3Dd2lkZ2V0TmFtZT1zcF9hdGZfbmV4dA%26psc%3D1
"HP Pavilion Plus 14 AI-enhanced Laptop, Intel EVO Core Ultra 5 125H,14-inch (35.6 cm) 16GB, 512GB SSD, Intel Arc Graphics, WQXGA, 300 nits, 120Hz, 5MP IR Camera, (Win 11, MSO, Blue, 1.44 kg), ew1082TU","₹87,990",3.6,4,https://www.amazon.in/sspa/click?ie=UTF8&spc=MToxNzY5MDQ2NTIyNTQ5MTY0OjE3NDMxMDA1NDA6c3BfYXRmX25leHQ6MzAwNDk4OTk1MDcyMTMyOjowOjo&url=%2FHP-Pavilion-AI-enhanced-Graphics-ew1082TU%2Fdp%2FB0D4TXZW5R%2Fref%3Dsr_1_162_sspa%3Fcrid%3DW4U3VV61SVAS%26dib%3DeyJ2IjoiMSJ9.RErx3V9_NA726zYDfD19Q7yhPk-Ng2if4MtJtaXmINjGjHj071QN20LucGBJIEps.wIXtC-_nNF9SY9ibDYU2PAiWrS4lI3csUT4WTEC8PFc%26dib_tag%3Dse%26keywords%3Dlaptop%26qid%3D1743100540%26sprefix%3Dlaptop%252Caps%252C274%26sr%3D8-162-spons%26xpid%3DwA2qvawD06ogv%26sp_csd%3Dd2lkZ2V0TmFtZT1zcF9hdGZfbmV4dA%26psc%3D1
"HP Laptop 240 G9 (2024), Intel Core i7 12th Gen 1255U - (16GB/512GB SSD/Intel Iris Xe Graphics/Windows 11) Thin and Light Business Laptop/14 (35.56cm) FHD/Silver/1.47 kg/MS Office 2021","₹62,350",4.1,"1,080",https://www.amazon.in/HP-Laptop-240-Intel-1255U/dp/B08W3JY354/ref=sr_1_163?crid=W4U3VV61SVAS&dib=eyJ2IjoiMSJ9.RErx3V9_NA726zYDfD19Q7yhPk-Ng2if4MtJtaXmINjGjHj071QN20LucGBJIEps.wIXtC-_nNF9SY9ibDYU2PAiWrS4lI3csUT4WTEC8PFc&dib_tag=se&keywords=laptop&qid=1743100540&sprefix=laptop%2Caps%2C274&sr=8-163&xpid=wA2qvawD06ogv
"HP 15s, AMD Ryzen 5 5500U, 8GB DDR4, 512GB SSD, (Win 11, Office 21, Silver, 1.69kg), Anti-Glare, 15.6-inch(39.6cm), FHD Laptop, AMD Radeon Graphics, HD Camera, Dual Speakers, eq2144AU","₹37,422",3.9,"18,445",https://www.amazon.in/HP-Anti-Glare-15-6-inch-Graphics-eq2144AU/dp/B09RZRF1PJ/ref=sr_1_164?crid=W4U3VV61SVAS&dib=eyJ2IjoiMSJ9.RErx3V9_NA726zYDfD19Q7yhPk-Ng2if4MtJtaXmINgdLUYfVFR-4ycdHOSNmRfdqBOPrb3jbLvJ4Mu4LeGfxb0GEldxzxFbbCBeRJAKfJw1z-KZ3wHyUr4pQ3b137fTrzBf_R_HPq8BiIHBTUUtyberpYXP9mV55iCfkxvkchbdGY7sYXekaUOwJQC8fjBR9QK6NopfYxCHrqH7Zrv-y6683Tno7YMZqo22HCtYU5Q.M-50VM8v3fxadiOHnrqpFUEkzegCOgUxlBD8izcoBYc&dib_tag=se&keywords=laptop&qid=1743100540&sprefix=laptop%2Caps%2C274&sr=8-164&xpid=wA2qvawD06ogv
Logitech H111 Wired On Ear Headphones With Mic Black,₹695,3.4,10,https://www.amazon.in/Logitech-H111-Stero-Headset-Black/dp/B00Y4ORQ46/ref=sr_1_165?crid=W4U3VV61SVAS&dib=eyJ2IjoiMSJ9.RErx3V9_NA726zYDfD19Q7yhPk-Ng2if4MtJtaXmINgdLUYfVFR-4ycdHOSNmRfdqBOPrb3jbLvJ4Mu4LeGfxb0GEldxzxFbbCBeRJAKfJw1z-KZ3wHyUr4pQ3b137fTrzBf_R_HPq8BiIHBTUUtyberpYXP9mV55iCfkxvkchbdGY7sYXekaUOwJQC8fjBR9QK6NopfYxCHrqH7Zrv-y6683Tno7YMZqo22HCtYU5Q.M-50VM8v3fxadiOHnrqpFUEkzegCOgUxlBD8izcoBYc&dib_tag=se&keywords=laptop&qid=1743100540&sprefix=laptop%2Caps%2C274&sr=8-165&xpid=wA2qvawD06ogv
"Acer Aspire 3D 15 SpatialLabs Edition Gaming Laptop Intel Core i5-13420H Processor (16GB/512GB/NVIDIA RTX2050/Win11Home) A3D15-71GM, 39.6 cm(15.6"") UHD 3840 x 2160 IPS Display, Obsidian Black, 2.32KG","₹1,49,990",3.4,156,https://www.amazon.in/sspa/click?ie=UTF8&spc=MTo0OTM0MTc0NTc3MDAzNzI5OjE3NDMxMDA1NDQ6c3BfYXRmX25leHQ6MzAwNDg3NTU5ODM4NTMyOjowOjo&url=%2FAcer-SpatialLabs-i5-13420H-Processor-A3D15-71GM%2Fdp%2FB0D8BPBZY1%2Fref%3Dsr_1_177_sspa%3Fcrid%3DW4U3VV61SVAS%26dib%3DeyJ2IjoiMSJ9.M5gewEqvehFGgdTTIzlUHWnQ82Wusge1HgMlbC9VNmjGjHj071QN20LucGBJIEps.5bIPsBaYWlXFGNfV640Ms7CBgrf0GSXOLiTWQEZ7ZXY%26dib_tag%3Dse%26keywords%3Dlaptop%26qid%3D1743100544%26sprefix%3Dlaptop%252Caps%252C274%26sr%3D8-177-spons%26xpid%3DwA2qvawD06ogv%26sp_csd%3Dd2lkZ2V0TmFtZT1zcF9hdGZfbmV4dA%26psc%3D1
"Dell 15 Thin & Light Laptop, Windows 11 Home, Intel Core i5-1235U Processor, 8GB RAM + 512GB SSD, 15.6"" FHD Window 11 + Mso '21, 15 Month Mcafee, Spill-Resistant Keyboard, Black, 1.66Kg","₹46,490",3.7,72,https://www.amazon.in/sspa/click?ie=UTF8&spc=MTo0OTM0MTc0NTc3MDAzNzI5OjE3NDMxMDA1NDQ6c3BfYXRmX25leHQ6MzAwMTMyNzk1MzA2OTMyOjowOjo&url=%2FDell-i5-1235U-Processor-Antivirus-Spill-Resistant%2Fdp%2FB0CSG4G18G%2Fref%3Dsr_1_178_sspa%3Fcrid%3DW4U3VV61SVAS%26dib%3DeyJ2IjoiMSJ9.M5gewEqvehFGgdTTIzlUHWnQ82Wusge1HgMlbC9VNmjGjHj071QN20LucGBJIEps.5bIPsBaYWlXFGNfV640Ms7CBgrf0GSXOLiTWQEZ7ZXY%26dib_tag%3Dse%26keywords%3Dlaptop%26qid%3D1743100544%26sprefix%3Dlaptop%252Caps%252C274%26sr%3D8-178-spons%26xpid%3DwA2qvawD06ogv%26sp_csd%3Dd2lkZ2V0TmFtZT1zcF9hdGZfbmV4dA%26psc%3D1
"Chuwi FreeBook 13.5 Inch 2 in 1 Touchscreen Laptop,Flipped 360 Degree, Windows 11,Intel Core i3-1215U 12th gen, 46.2Wh, 12 GB RAM LPDDR4 512 GB SSD Expandable Upto 1 TB, Backlit Keyboard","₹29,990",3.7,41,https://www.amazon.in/Chuwi-FreeBook-Touchscreen-i3-1215U-Expandable/dp/B0B1M6XJBJ/ref=sr_1_179?crid=W4U3VV61SVAS&dib=eyJ2IjoiMSJ9.M5gewEqvehFGgdTTIzlUHWnQ82Wusge1HgMlbC9VNmjGjHj071QN20LucGBJIEps.5bIPsBaYWlXFGNfV640Ms7CBgrf0GSXOLiTWQEZ7ZXY&dib_tag=se&keywords=laptop&qid=1743100544&sprefix=laptop%2Caps%2C274&sr=8-179&xpid=wA2qvawD06ogv
"Dell 15 Thin & Light Laptop, Intel Core 13th Generation i5-1334U Processor, 16GB DDR4 & 512GB SSD, 15.6"" (39.62cm) FHD 120Hz 250 nits, Windows 11 + MSO'21 + 15 Month Mcafee, Carbon Black, 1.66kg","₹54,990",3.5,16,https://www.amazon.in/Dell-Generation-i5-1334U-Processor-39-62cm/dp/B0D46QQHW6/ref=sr_1_180?crid=W4U3VV61SVAS&dib=eyJ2IjoiMSJ9.M5gewEqvehFGgdTTIzlUHWnQ82Wusge1HgMlbC9VNmjGjHj071QN20LucGBJIEps.5bIPsBaYWlXFGNfV640Ms7CBgrf0GSXOLiTWQEZ7ZXY&dib_tag=se&keywords=laptop&qid=1743100544&sprefix=laptop%2Caps%2C274&sr=8-180&xpid=wA2qvawD06ogv
"Dell Inspiron 5440 Laptop, i5-1334U Processor, 16GB DDR5 + 1TB SSD, 14"" FHD+AG NonTouch 250nits WVA Display w/Comfortview Support, Backlit KB + FPR, Win11 + MSO'21 + 15 Month McAfee, Ice Blue, 1.54kg","₹64,999",N/A,N/A,https://www.amazon.in/Dell-Inspiron-i5-1334U-Processor-Comfortview/dp/B0DN6DBL7Z/ref=sr_1_181?crid=W4U3VV61SVAS&dib=eyJ2IjoiMSJ9.M5gewEqvehFGgdTTIzlUHWnQ82Wusge1HgMlbC9VNmjGjHj071QN20LucGBJIEps.5bIPsBaYWlXFGNfV640Ms7CBgrf0GSXOLiTWQEZ7ZXY&dib_tag=se&keywords=laptop&qid=1743100544&sprefix=laptop%2Caps%2C274&sr=8-181&xpid=wA2qvawD06ogv
"Acer Aspire 3D 15 SpatialLabs Edition Gaming Laptop Intel Core i5-13420H Processor (16GB/512GB/NVIDIA RTX2050/Win11Home) A3D15-71GM, 39.6 cm(15.6"") UHD 3840 x 2160 IPS Display, Obsidian Black, 2.32KG","₹1,49,990",3.8,91,https://www.amazon.in/sspa/click?ie=UTF8&spc=MTo0ODUzNDAyOTkwMTMzMDc1OjE3NDMxMDA1NDY6c3BfYXRmX25leHQ6MzAwNDg3NTU5ODM4NTMyOjowOjo&url=%2FAcer-SpatialLabs-i5-13420H-Processor-A3D15-71GM%2Fdp%2FB0D8BPBZY1%2Fref%3Dsr_1_193_sspa%3Fcrid%3DW4U3VV61SVAS%26dib%3DeyJ2IjoiMSJ9.ohxLu7YT1X6O6H1-GUbngkN8YYqUyr6tXJscHyyTL7bGjHj071QN20LucGBJIEps.93UlEIveZGYzZp_9X7oyZu8MgWOsRUjR4dq7FdxCLRk%26dib_tag%3Dse%26keywords%3Dlaptop%26qid%3D1743100546%26sprefix%3Dlaptop%252Caps%252C274%26sr%3D8-193-spons%26xpid%3DwA2qvawD06ogv%26sp_csd%3Dd2lkZ2V0TmFtZT1zcF9hdGZfbmV4dA%26psc%3D1
"Dell Inspiron 3530 Thin & Light Laptop, 13th Gen Intel Core i3-1305U Processor, 8GB, 512GB SSD, 15.6"" (39.62cm) FHD 120Hz 250nits, Standard Keyboard, Windows 11+MSO'24 & 15 Month McAfee, Silver,1.62kg","₹37,490",4.0,534,https://www.amazon.in/sspa/click?ie=UTF8&spc=MTo0ODUzNDAyOTkwMTMzMDc1OjE3NDMxMDA1NDY6c3BfYXRmX25leHQ6MzAwNDU3ODA5OTM2OTMyOjowOjo&url=%2FDell-Inspiron-3530-i3-1305U-Processor%2Fdp%2FB0DSFRYRQY%2Fref%3Dsr_1_194_sspa%3Fcrid%3DW4U3VV61SVAS%26dib%3DeyJ2IjoiMSJ9.ohxLu7YT1X6O6H1-GUbngkN8YYqUyr6tXJscHyyTL7bGjHj071QN20LucGBJIEps.93UlEIveZGYzZp_9X7oyZu8MgWOsRUjR4dq7FdxCLRk%26dib_tag%3Dse%26keywords%3Dlaptop%26qid%3D1743100546%26sprefix%3Dlaptop%252Caps%252C274%26sr%3D8-194-spons%26xpid%3DwA2qvawD06ogv%26sp_csd%3Dd2lkZ2V0TmFtZT1zcF9hdGZfbmV4dA%26psc%3D1
"HP Victus, 12th Gen Intel Core i5-12450H, NVIDIA RTX 2050, 16GB DDR4, 512GB SSD (Win11, Office21, Blue, 2.3kg) 144Hz, 9MS, IPS, 15.6-inch(39.6cm) Gaming Laptop, Enhanced Cooling, fa1227TX/fa1314TX","₹62,990",3.9,99,https://www.amazon.in/HP-i5-12450H-15-6-inch-Response-fa1373TX/dp/B0D2DDJ6PJ/ref=sr_1_195?crid=W4U3VV61SVAS&dib=eyJ2IjoiMSJ9.ohxLu7YT1X6O6H1-GUbngkN8YYqUyr6tXJscHyyTL7bGjHj071QN20LucGBJIEps.93UlEIveZGYzZp_9X7oyZu8MgWOsRUjR4dq7FdxCLRk&dib_tag=se&keywords=laptop&qid=1743100546&sprefix=laptop%2Caps%2C274&sr=8-195&xpid=wA2qvawD06ogv
"HP Victus, 13th Gen Intel Core i5-13420H, NVIDIA RTX 2050, 16GB DDR4, 1TB SSD (Win11, Office21, Silver, 2.3kg) 144Hz, 9MS, IPS, 15.6-inch(39.6cm) Flicker-free Gaming Laptop, Enhanced Cooling, fa1307tx","₹69,990",2.5,4,https://www.amazon.in/HP-i5-13420H-15-6-inch-Speakers-fa1307TX/dp/B0D2LG3DRJ/ref=sr_1_196?crid=W4U3VV61SVAS&dib=eyJ2IjoiMSJ9.ohxLu7YT1X6O6H1-GUbngkN8YYqUyr6tXJscHyyTL7bGjHj071QN20LucGBJIEps.93UlEIveZGYzZp_9X7oyZu8MgWOsRUjR4dq7FdxCLRk&dib_tag=se&keywords=laptop&qid=1743100546&sprefix=laptop%2Caps%2C274&sr=8-196&xpid=wA2qvawD06ogv
"HP Laptop 245 G9 (2024), AMD Ryzen 3 3250U Dual Core - (16GB/512GB SSD/AMD Radeon Graphics/Windows 11 Pro) Thin and Light Business Laptop/14 (35.56cm)/Silver/1.47 kg/MS Office 2021","₹28,990",3.7,277,https://www.amazon.in/HP-Laptop-245-G9-Ryzen/dp/B0DJCZB7QS/ref=sr_1_197?crid=W4U3VV61SVAS&dib=eyJ2IjoiMSJ9.ohxLu7YT1X6O6H1-GUbngkN8YYqUyr6tXJscHyyTL7Y3ovBHx-rJgY7e_0-wOVq0V4VDeAOQkLH214fyP3vfR3Y6uGKpEfMLGPSUxZjKcZRW9AFgxOJ8WqAzjomutaeFuxhjgL9mFdX-uQaDhFxioHB-CsK1su3rIzMiK50ohpWgIkMpMJO9XrIWgxWpw0hU5-QY1W9qXvGCkaQwDvfKd5WS6FG7NMNNMOm9WRcU7Ko.XSWIhIfqlmWDJ2mmxZWAjH4Mai6TLhtd9WJIuOnVw94&dib_tag=se&keywords=laptop&qid=1743100546&sprefix=laptop%2Caps%2C274&sr=8-197&xpid=wA2qvawD06ogv
"Acer Aspire 3D 15 SpatialLabs Edition Gaming Laptop Intel Core i5-13420H Processor (16GB/512GB/NVIDIA RTX2050/Win11Home) A3D15-71GM, 39.6 cm(15.6"") UHD 3840 x 2160 IPS Display, Obsidian Black, 2.32KG","₹1,49,990",4.0,"1,109",https://www.amazon.in/sspa/click?ie=UTF8&spc=MToxMzEwOTU3OTA1MTA3Nzg1OjE3NDMxMDA1NTA6c3BfYXRmX25leHQ6MzAwNDg3NTU5ODM4NTMyOjowOjo&url=%2FAcer-SpatialLabs-i5-13420H-Processor-A3D15-71GM%2Fdp%2FB0D8BPBZY1%2Fref%3Dsr_1_209_sspa%3Fcrid%3DW4U3VV61SVAS%26dib%3DeyJ2IjoiMSJ9.Q1S_y8CreIwNJFWE7l22v9xG3NVv7qAh4bgTME9XmyrGjHj071QN20LucGBJIEps.321Yz7gyl_BokSB86Kki-xPEkk-6QExp8PY_TwnejRQ%26dib_tag%3Dse%26keywords%3Dlaptop%26qid%3D1743100549%26sprefix%3Dlaptop%252Caps%252C274%26sr%3D8-209-spons%26xpid%3DwA2qvawD06ogv%26sp_csd%3Dd2lkZ2V0TmFtZT1zcF9hdGZfbmV4dA%26psc%3D1
"Acer [Smartchoice Aspire Lite AMD Ryzen 3 5300U Premium Thin and Light Laptop (Windows 11 Home/8 GB RAM/512 GB SSD) AL15-41 with 39.62 cm (15.6"") Full HD Display, Metal Body, Steel Gray, 1.6 KG","₹26,990",4.5,382,https://www.amazon.in/sspa/click?ie=UTF8&spc=MToxMzEwOTU3OTA1MTA3Nzg1OjE3NDMxMDA1NTA6c3BfYXRmX25leHQ6MzAwMTkzOTA5Njk3MDMyOjowOjo&url=%2FAcer-Smartchoice-Premium-Windows-AL15-41%2Fdp%2FB0CWTSF1TK%2Fref%3Dsr_1_210_sspa%3Fcrid%3DW4U3VV61SVAS%26dib%3DeyJ2IjoiMSJ9.Q1S_y8CreIwNJFWE7l22v9xG3NVv7qAh4bgTME9XmyrGjHj071QN20LucGBJIEps.321Yz7gyl_BokSB86Kki-xPEkk-6QExp8PY_TwnejRQ%26dib_tag%3Dse%26keywords%3Dlaptop%26qid%3D1743100549%26sprefix%3Dlaptop%252Caps%252C274%26sr%3D8-210-spons%26xpid%3DwA2qvawD06ogv%26sp_csd%3Dd2lkZ2V0TmFtZT1zcF9hdGZfbmV4dA%26psc%3D1
"Primebook 4G, 2024(New, WiFi+4G) Android Based MediaTek MT8788 - (PrimeOS) 4G SIM Slot, Thin and Light Laptop (11.6 Inch, 1.065 Kg, Type C, USB, HDMI, MicroSD) (4GB/64GB eMMC Storage, Black)","₹50,690",3.9,486,https://www.amazon.in/Primebook-Android-Based-MediaTek-MT8788/dp/B0D1Y3MVGL/ref=sr_1_211?crid=W4U3VV61SVAS&dib=eyJ2IjoiMSJ9.Q1S_y8CreIwNJFWE7l22v9xG3NVv7qAh4bgTME9XmyrGjHj071QN20LucGBJIEps.321Yz7gyl_BokSB86Kki-xPEkk-6QExp8PY_TwnejRQ&dib_tag=se&keywords=laptop&qid=1743100549&sprefix=laptop%2Caps%2C274&sr=8-211&xpid=wA2qvawD06ogv
"Lenovo IdeaPad Slim 3, Intel Core i5-12450H, 12th Gen, 16GB RAM, 512GB SSD, FHD IPS, 14""/35.5cm, Windows 11, MS Office Home 2024, Grey, 1.37Kg, 83EQ0073IN, 1Yr ADP Free, Thin & Light Laptop","₹48,999",4.1,279,https://www.amazon.in/Lenovo-IdeaPad-i5-12450H-Windows-83EQ0073IN/dp/B0DRNSHRKK/ref=sr_1_212?crid=W4U3VV61SVAS&dib=eyJ2IjoiMSJ9.Q1S_y8CreIwNJFWE7l22v9xG3NVv7qAh4bgTME9XmyrGjHj071QN20LucGBJIEps.321Yz7gyl_BokSB86Kki-xPEkk-6QExp8PY_TwnejRQ&dib_tag=se&keywords=laptop&qid=1743100549&sprefix=laptop%2Caps%2C274&sr=8-212&xpid=wA2qvawD06ogv
"HP Laptop 15s, 11th Gen Intel Core i5-1155G7, 15.6-inch (39.6 cm), FHD, 16GB DDR4, 512GB SSD, Intel Iris Xe Graphics, Backlit KB, Thin & Light (Win 11, MSO 2021, Silver, 1.69 kg), fr4001TU",N/A,N/A,44,https://www.amazon.in/HP-i5-1155G7-15-6-inch-Graphics-fr4001TU/dp/B0C3RDM59N/ref=sr_1_213?crid=W4U3VV61SVAS&dib=eyJ2IjoiMSJ9.Q1S_y8CreIwNJFWE7l22v9xG3NVv7qAh4bgTME9XmyrGjHj071QN20LucGBJIEps.321Yz7gyl_BokSB86Kki-xPEkk-6QExp8PY_TwnejRQ&dib_tag=se&keywords=laptop&qid=1743100549&sprefix=laptop%2Caps%2C274&sr=8-213&xpid=wA2qvawD06ogv
"Acer Aspire 3D 15 SpatialLabs Edition Gaming Laptop Intel Core i5-13420H Processor (16GB/512GB/NVIDIA RTX2050/Win11Home) A3D15-71GM, 39.6 cm(15.6"") UHD 3840 x 2160 IPS Display, Obsidian Black, 2.32KG","₹1,49,990",2.5,4,https://www.amazon.in/sspa/click?ie=UTF8&spc=MTo4Mjk5MDYyMTE0NTcyMTY0OjE3NDMxMDA1NTI6c3BfYXRmX25leHQ6MzAwNDg3NTU5ODM4NTMyOjowOjo&url=%2FAcer-SpatialLabs-i5-13420H-Processor-A3D15-71GM%2Fdp%2FB0D8BPBZY1%2Fref%3Dsr_1_225_sspa%3Fcrid%3DW4U3VV61SVAS%26dib%3DeyJ2IjoiMSJ9.1RAyYIGfjuWXsU2aoqljhE84Yk7yEr3PEk3pUvm6EoXGjHj071QN20LucGBJIEps.3KRTOogigX3c-Mc89H246zW9ZpE79HLYSReL6ybQPvk%26dib_tag%3Dse%26keywords%3Dlaptop%26qid%3D1743100552%26sprefix%3Dlaptop%252Caps%252C274%26sr%3D8-225-spons%26xpid%3DwA2qvawD06ogv%26sp_csd%3Dd2lkZ2V0TmFtZT1zcF9hdGZfbmV4dA%26psc%3D1
"ASUS ROG Zephyrus G16, Gaming Laptop, Intel Core Ultra 9 185H, Built-in AI, NVIDIA GeForce RTX 4070,16"" 2.5K QHD+ (40.64cm) 240Hz (32GB/1TB SSD/Win 11/Office 2021/Grey/1.85 kg), GU605MI-QP253WS","₹2,09,990",3.8,14,https://www.amazon.in/sspa/click?ie=UTF8&spc=MTo4Mjk5MDYyMTE0NTcyMTY0OjE3NDMxMDA1NTI6c3BfYXRmX25leHQ6MzAwNDk4OTk1MDY3NTMyOjowOjo&url=%2FASUS-Zephyrus-GeForce-40-64cm-GU605MI-QP253WS%2Fdp%2FB0D25W99M1%2Fref%3Dsr_1_226_sspa%3Fcrid%3DW4U3VV61SVAS%26dib%3DeyJ2IjoiMSJ9.1RAyYIGfjuWXsU2aoqljhE84Yk7yEr3PEk3pUvm6EoXGjHj071QN20LucGBJIEps.3KRTOogigX3c-Mc89H246zW9ZpE79HLYSReL6ybQPvk%26dib_tag%3Dse%26keywords%3Dlaptop%26qid%3D1743100552%26sprefix%3Dlaptop%252Caps%252C274%26sr%3D8-226-spons%26xpid%3DwA2qvawD06ogv%26sp_csd%3Dd2lkZ2V0TmFtZT1zcF9hdGZfbmV4dA%26psc%3D1
"Lenovo V15 G4 2024 Smart Laptop, AMD Ryzen 5 7520U 15.6 inch FHD Display, AMD Graphics, 8 GB DDR5 5500Mhz Ram, 512GB SSD NVMe, Windows 11, MS-Office, Dolby Audio, Arctic Grey, 1 Year Warranty","₹32,990",3.2,290,https://www.amazon.in/Lenovo-Graphics-LPDDR5-5500-11-MS-Office-Warranty/dp/B08BV4VMH9/ref=sr_1_227?crid=W4U3VV61SVAS&dib=eyJ2IjoiMSJ9.1RAyYIGfjuWXsU2aoqljhE84Yk7yEr3PEk3pUvm6EoXGjHj071QN20LucGBJIEps.3KRTOogigX3c-Mc89H246zW9ZpE79HLYSReL6ybQPvk&dib_tag=se&keywords=laptop&qid=1743100552&sprefix=laptop%2Caps%2C274&sr=8-227&xpid=wA2qvawD06ogv
"ASUS Vivobook 16X, 16"" FHD+,44Hz 300nits, Intel Core i5-12500H Processor,(16GB RAM/512GB SSD/GeForce RTX 2050/Windows 11/MS Office 365 Basic(1Year)*/50WHr Battery/Cool Silver/1.8 Kg), K3605ZF-RP458WS","₹59,990",N/A,N/A,https://www.amazon.in/ASUS-Vivobook-i5-12500H-Processor-K3605ZF-RP458WS/dp/B0DS2DQD9L/ref=sr_1_228?crid=W4U3VV61SVAS&dib=eyJ2IjoiMSJ9.1RAyYIGfjuWXsU2aoqljhE84Yk7yEr3PEk3pUvm6EoXGjHj071QN20LucGBJIEps.3KRTOogigX3c-Mc89H246zW9ZpE79HLYSReL6ybQPvk&dib_tag=se&keywords=laptop&qid=1743100552&sprefix=laptop%2Caps%2C274&sr=8-228&xpid=wA2qvawD06ogv
"Acer Extensa 15 Thin & Light Intel Processor Pentium Silver N5030 15.6 inches(39.6cm) Business Laptop (4GB RAM/1TB HDD/Windows 10 Home/Integrated Graphic Card/Black/1.9 Kg, EX215-31)","₹20,999",N/A,N/A,https://www.amazon.in/Acer-Processor-Business-Integrated-EX215-31/dp/B095BYNN8Z/ref=sr_1_229?crid=W4U3VV61SVAS&dib=eyJ2IjoiMSJ9.1RAyYIGfjuWXsU2aoqljhE84Yk7yEr3PEk3pUvm6EoXGjHj071QN20LucGBJIEps.3KRTOogigX3c-Mc89H246zW9ZpE79HLYSReL6ybQPvk&dib_tag=se&keywords=laptop&qid=1743100552&sprefix=laptop%2Caps%2C274&sr=8-229&xpid=wA2qvawD06ogv
"Acer Aspire 3D 15 SpatialLabs Edition Gaming Laptop Intel Core i5-13420H Processor (16GB/512GB/NVIDIA RTX2050/Win11Home) A3D15-71GM, 39.6 cm(15.6"") UHD 3840 x 2160 IPS Display, Obsidian Black, 2.32KG","₹1,49,990",3.1,9,https://www.amazon.in/sspa/click?ie=UTF8&spc=MTozNjg5MjA0NjY4MzU5NTkxOjE3NDMxMDA1NTU6c3BfYXRmX25leHQ6MzAwNDg3NTU5ODM4NTMyOjowOjo&url=%2FAcer-SpatialLabs-i5-13420H-Processor-A3D15-71GM%2Fdp%2FB0D8BPBZY1%2Fref%3Dsr_1_241_sspa%3Fcrid%3DW4U3VV61SVAS%26dib%3DeyJ2IjoiMSJ9.MnKoik9w5nBDXCSgv7eLZ0LnQ6-BI7vY0vqLq50fqa3GjHj071QN20LucGBJIEps.d5j3QRCKyyRVR84uuhMt61N3YKbnMkSkoMTCtj3O0mc%26dib_tag%3Dse%26keywords%3Dlaptop%26qid%3D1743100555%26sprefix%3Dlaptop%252Caps%252C274%26sr%3D8-241-spons%26xpid%3DwA2qvawD06ogv%26sp_csd%3Dd2lkZ2V0TmFtZT1zcF9hdGZfbmV4dA%26psc%3D1
"HP Pavilion Plus, Enhanced by AI, Intel Core Ultra 5 125H, 14-inch, WQXGA, 16GB LPDDR5x, 512GB SSD, Intel Arc Graphics, 5MP IR Camera/w Privacy Shutter, Backlit KB (Win 11, Silver, 1.44 kg) ew1074TU","₹79,990",3.7,13,https://www.amazon.in/sspa/click?ie=UTF8&spc=MTozNjg5MjA0NjY4MzU5NTkxOjE3NDMxMDA1NTU6c3BfYXRmX25leHQ6MzAwNDk4OTk1MDcwMjMyOjowOjo&url=%2FHP-Pavilion-Enhanced-Graphics-ew1074TU%2Fdp%2FB0DF7Q2CXF%2Fref%3Dsr_1_242_sspa%3Fcrid%3DW4U3VV61SVAS%26dib%3DeyJ2IjoiMSJ9.MnKoik9w5nBDXCSgv7eLZ0LnQ6-BI7vY0vqLq50fqa3GjHj071QN20LucGBJIEps.d5j3QRCKyyRVR84uuhMt61N3YKbnMkSkoMTCtj3O0mc%26dib_tag%3Dse%26keywords%3Dlaptop%26qid%3D1743100555%26sprefix%3Dlaptop%252Caps%252C274%26sr%3D8-242-spons%26xpid%3DwA2qvawD06ogv%26sp_csd%3Dd2lkZ2V0TmFtZT1zcF9hdGZfbmV4dA%26psc%3D1
"ASUS ROG Strix Scar 16 (2024), Gaming Laptop, Intel Core i9 14900HX 14th Gen, 16""(40.64cm) 2.5K QHD+240Hz (32GB DDR5/2TB SSD/12GB RTX 4080/Win11/Per-Key RGB/90WHr/Black/2.65Kg),G634JZR-CM932WS","₹2,79,990",4.4,476,https://www.amazon.in/ASUS-14900HX-40-64cm-Gaming-G634JZR-CM932WS/dp/B0CV17QD1G/ref=sr_1_243?crid=W4U3VV61SVAS&dib=eyJ2IjoiMSJ9.MnKoik9w5nBDXCSgv7eLZ0LnQ6-BI7vY0vqLq50fqa3GjHj071QN20LucGBJIEps.d5j3QRCKyyRVR84uuhMt61N3YKbnMkSkoMTCtj3O0mc&dib_tag=se&keywords=laptop&qid=1743100555&sprefix=laptop%2Caps%2C274&sr=8-243&xpid=wA2qvawD06ogv
"ARZOPA 15.6'' FHD 1080P Portable Monitor with Kickstand,60Hz Ultra-Slim Portable Laptop Monitor with Speaker- IPS Eye Care Display for PC, MacBook, Mobile, Xbox, PS5 - USB C & HDMI Connectivity","₹12,880",4.0,1,https://www.amazon.in/ARZOPA-Portable-Monitor-15-6-1080P/dp/B0CRKGCSGF/ref=sr_1_244?crid=W4U3VV61SVAS&dib=eyJ2IjoiMSJ9.MnKoik9w5nBDXCSgv7eLZ0LnQ6-BI7vY0vqLq50fqa1TdMVOG4MJS2TFjVrdzLTPrAt51E0TIfJGLR2OSF3yS9mRdYkm925OhZf2iRlN7e1xrpsGq_ZH-Nj8fZBTyyNOxkG_JHk0TXGIeCM7uzfKzgOdvvjYgFOh2q-4i3Hbr9KwZdNbFEbvVNLRFkYH8zmeo_rW7XNnkqfF8P4KktZB0SGGMQcp3YK1Qasb_ALOTyA.suPE8ZHBDhrVH5SE9Jn8xVYxZ2alZpWk3VEkMdkHSk8&dib_tag=se&keywords=laptop&qid=1743100555&sprefix=laptop%2Caps%2C274&sr=8-244&xpid=wA2qvawD06ogv
"Samsung Galaxy Book3 Pro Intel 13th Gen i7 EvoTM 35.56cm(14"") Dynamic Amoled 2X, 3K Display, 120Hz, Ultra Thin & Light Laptop(16 GB/512 GB SSD/Windows 11/MS Office/Graphite/1.17Kg)","₹1,03,330",4.4,142,https://www.amazon.in/Samsung-35-56cm-Dynamic-Display-Graphite/dp/B0CGHSD6WD/ref=sr_1_245?crid=W4U3VV61SVAS&dib=eyJ2IjoiMSJ9.MnKoik9w5nBDXCSgv7eLZ0LnQ6-BI7vY0vqLq50fqa1TdMVOG4MJS2TFjVrdzLTPrAt51E0TIfJGLR2OSF3yS9mRdYkm925OhZf2iRlN7e1xrpsGq_ZH-Nj8fZBTyyNOxkG_JHk0TXGIeCM7uzfKzgOdvvjYgFOh2q-4i3Hbr9KwZdNbFEbvVNLRFkYH8zmeo_rW7XNnkqfF8P4KktZB0SGGMQcp3YK1Qasb_ALOTyA.suPE8ZHBDhrVH5SE9Jn8xVYxZ2alZpWk3VEkMdkHSk8&dib_tag=se&keywords=laptop&qid=1743100555&sprefix=laptop%2Caps%2C274&sr=8-245&xpid=wA2qvawD06ogv
"Acer Aspire 3D 15 SpatialLabs Edition Gaming Laptop Intel Core i5-13420H Processor (16GB/512GB/NVIDIA RTX2050/Win11Home) A3D15-71GM, 39.6 cm(15.6"") UHD 3840 x 2160 IPS Display, Obsidian Black, 2.32KG","₹1,49,990",3.8,91,https://www.amazon.in/sspa/click?ie=UTF8&spc=MToxMzUyODY5MjcyNzY2MjQ4OjE3NDMxMDA1NTc6c3BfYXRmX25leHQ6MzAwNDg3NTU5ODM4NTMyOjowOjo&url=%2FAcer-SpatialLabs-i5-13420H-Processor-A3D15-71GM%2Fdp%2FB0D8BPBZY1%2Fref%3Dsr_1_257_sspa%3Fcrid%3DW4U3VV61SVAS%26dib%3DeyJ2IjoiMSJ9.2MvhF7K9tBMLUUSgO7PuGtJEBiii6_NL1GtR5G_D_jzGjHj071QN20LucGBJIEps.PUZjMdFxyfNv4n1NihpWpJ2PcXFxmURfahQHEU9H7vw%26dib_tag%3Dse%26keywords%3Dlaptop%26qid%3D1743100557%26sprefix%3Dlaptop%252Caps%252C274%26sr%3D8-257-spons%26xpid%3DwA2qvawD06ogv%26sp_csd%3Dd2lkZ2V0TmFtZT1zcF9hdGZfbmV4dA%26psc%3D1
"Dell Inspiron 3530 Thin & Light Laptop, 13th Gen Intel Core i3-1305U Processor, 8GB, 512GB SSD, 15.6"" (39.62cm) FHD 120Hz 250nits, Standard Keyboard, Windows 11+MSO'21 & 15 Month McAfee, Black, 1.62kg","₹36,400",3.7,371,https://www.amazon.in/sspa/click?ie=UTF8&spc=MToxMzUyODY5MjcyNzY2MjQ4OjE3NDMxMDA1NTc6c3BfYXRmX25leHQ6MzAwNDkxODM1MDI5OTMyOjowOjo&url=%2FDell-Inspiron-i3-1305U-Processor-Standard%2Fdp%2FB0DSFQ2XC7%2Fref%3Dsr_1_258_sspa%3Fcrid%3DW4U3VV61SVAS%26dib%3DeyJ2IjoiMSJ9.2MvhF7K9tBMLUUSgO7PuGtJEBiii6_NL1GtR5G_D_jzGjHj071QN20LucGBJIEps.PUZjMdFxyfNv4n1NihpWpJ2PcXFxmURfahQHEU9H7vw%26dib_tag%3Dse%26keywords%3Dlaptop%26qid%3D1743100557%26sprefix%3Dlaptop%252Caps%252C274%26sr%3D8-258-spons%26xpid%3DwA2qvawD06ogv%26sp_csd%3Dd2lkZ2V0TmFtZT1zcF9hdGZfbmV4dA%26psc%3D1
"Acko 1 Year Extended Warranty for Laptops Below from 20,000 to 30,000 (Email delivery)",₹749,4.2,29,https://www.amazon.in/Acko-Year-Extended-Warranty-Laptops/dp/B07MQWQ2RB/ref=sr_1_259?crid=W4U3VV61SVAS&dib=eyJ2IjoiMSJ9.2MvhF7K9tBMLUUSgO7PuGtJEBiii6_NL1GtR5G_D_jzGjHj071QN20LucGBJIEps.PUZjMdFxyfNv4n1NihpWpJ2PcXFxmURfahQHEU9H7vw&dib_tag=se&keywords=laptop&qid=1743100557&sprefix=laptop%2Caps%2C274&sr=8-259&xpid=wA2qvawD06ogv
"Cason 200W Car Laptop Charger/Power Inverter with 3 USB (3.1A Max) + 1 C Type(24 W PD) Smart USB Charging Ports, 12V DC to 220V AC, 2X Universal AC Outlet","₹28,690",3.9,40,https://www.amazon.in/Laptop-Charger-Inverter-Charging-Universal/dp/B0DY87S3LR/ref=sr_1_260?crid=W4U3VV61SVAS&dib=eyJ2IjoiMSJ9.2MvhF7K9tBMLUUSgO7PuGtJEBiii6_NL1GtR5G_D_jzGjHj071QN20LucGBJIEps.PUZjMdFxyfNv4n1NihpWpJ2PcXFxmURfahQHEU9H7vw&dib_tag=se&keywords=laptop&qid=1743100557&sprefix=laptop%2Caps%2C274&sr=8-260&xpid=wA2qvawD06ogv
"Realme Book (Slim) Intel Core I3 11Th Gen - (8 Gb/256 Gb Ssd/Windows 10 Home) Rmnb1001 Thin And Light Laptop (14 Inches, Real Gray, 1.38 Kg, With Ms Office) New","₹60,190",3.5,"3,212",https://www.amazon.in/Realme-Book-Slim-Intel-Core/dp/B09L65JH7B/ref=sr_1_261?crid=W4U3VV61SVAS&dib=eyJ2IjoiMSJ9.2MvhF7K9tBMLUUSgO7PuGtJEBiii6_NL1GtR5G_D_jwAPENcrkymXO0S2SSvAh-DhZbh8LOhNeHKiQOdUS-m_oiTQlAYP98uWrSd2qYurfEQmcGXdz5K5Kn7l_RtpgHce53oa9JjUakdw7A3gTOKXERRZRGcmfpXAa81KjLOIqJO7QU228wvzsYBarAWfzHF254Yn03yprlBpi0RZ5GsQamH2k3uLZEYW5hFe1JLfNk.6AT-i6tNfr8PYN0x5AIqpv_yaZln-Vpe-bfHUthYDSw&dib_tag=se&keywords=laptop&qid=1743100557&sprefix=laptop%2Caps%2C274&sr=8-261&xpid=wA2qvawD06ogv
"Acer Aspire 3D 15 SpatialLabs Edition Gaming Laptop Intel Core i5-13420H Processor (16GB/512GB/NVIDIA RTX2050/Win11Home) A3D15-71GM, 39.6 cm(15.6"") UHD 3840 x 2160 IPS Display, Obsidian Black, 2.32KG","₹1,49,990",3.0,3,https://www.amazon.in/sspa/click?ie=UTF8&spc=MToxNTgxNTY0NjYzNTQ1NDU6MTc0MzEwMDU2MDpzcF9hdGZfbmV4dDozMDA0ODc1NTk4Mzg1MzI6OjA6Og&url=%2FAcer-SpatialLabs-i5-13420H-Processor-A3D15-71GM%2Fdp%2FB0D8BPBZY1%2Fref%3Dsr_1_273_sspa%3Fcrid%3DW4U3VV61SVAS%26dib%3DeyJ2IjoiMSJ9.mdt2yBKFjWxWSAr7VzdVUwe0DRKv426UlNHmLODlBT_GjHj071QN20LucGBJIEps.Ted3IYIfa8l9PmQ_4tUSBPvLbKc7oNnuyJeB6-Aw_tM%26dib_tag%3Dse%26keywords%3Dlaptop%26qid%3D1743100560%26sprefix%3Dlaptop%252Caps%252C274%26sr%3D8-273-spons%26xpid%3DwA2qvawD06ogv%26sp_csd%3Dd2lkZ2V0TmFtZT1zcF9hdGZfbmV4dA%26psc%3D1
"Apple 2024 MacBook Pro Laptop with M4 Max chip with 14‑core CPU and 32‑core GPU: Built for Apple Intelligence, (14.2″) Liquid Retina XDR Display, 36GB Unified Memory, 1TB SSD Storage; Space Black","₹3,09,990",4.1,"1,982",https://www.amazon.in/sspa/click?ie=UTF8&spc=MToxNTgxNTY0NjYzNTQ1NDU6MTc0MzEwMDU2MDpzcF9hdGZfbmV4dDozMDAzOTI5NjMzMjc4MzI6OjA6Og&url=%2FApple-MacBook-Laptop-14%25E2%2580%2591core-32%25E2%2580%2591core%2Fdp%2FB0DLHGCB3C%2Fref%3Dsr_1_274_sspa%3Fcrid%3DW4U3VV61SVAS%26dib%3DeyJ2IjoiMSJ9.mdt2yBKFjWxWSAr7VzdVUwe0DRKv426UlNHmLODlBT_GjHj071QN20LucGBJIEps.Ted3IYIfa8l9PmQ_4tUSBPvLbKc7oNnuyJeB6-Aw_tM%26dib_tag%3Dse%26keywords%3Dlaptop%26qid%3D1743100560%26sprefix%3Dlaptop%252Caps%252C274%26sr%3D8-274-spons%26xpid%3DwA2qvawD06ogv%26sp_csd%3Dd2lkZ2V0TmFtZT1zcF9hdGZfbmV4dA%26psc%3D1
"HP Laptop 15, Intel® Core™ i3-1315U, 8GB DDR4 Ram,512GB SSD,Intel UHD Graphics, Windows 11 + MS Office'2021, Dual Speakers,15.6-inch(39.6 cm),FHD, Matt Silver,1.59 kg,15-fd0129TU","₹38,889",4.3,"9,122",https://www.amazon.in/HP-i3-1315U-Office2021-15-6-inch-15-fd0129TU/dp/B0D4M18BVJ/ref=sr_1_275?crid=W4U3VV61SVAS&dib=eyJ2IjoiMSJ9.mdt2yBKFjWxWSAr7VzdVUwe0DRKv426UlNHmLODlBT_GjHj071QN20LucGBJIEps.Ted3IYIfa8l9PmQ_4tUSBPvLbKc7oNnuyJeB6-Aw_tM&dib_tag=se&keywords=laptop&qid=1743100560&sprefix=laptop%2Caps%2C274&sr=8-275&xpid=wA2qvawD06ogv
"Dyazo 6 Angles Adjustable Aluminum Ergonomic Foldable Portable Tabletop Laptop/Desktop Riser Stand Holder Compatible for MacBook, HP, Dell, Lenovo & All Other Notebook (Silver)",₹349,4.4,11,https://www.amazon.in/Dyazo-Computer-Adjustable-Ergonomic-Compatible/dp/B08LHTJTBB/ref=sr_1_276?crid=W4U3VV61SVAS&dib=eyJ2IjoiMSJ9.mdt2yBKFjWxWSAr7VzdVUwe0DRKv426UlNHmLODlBT_GjHj071QN20LucGBJIEps.Ted3IYIfa8l9PmQ_4tUSBPvLbKc7oNnuyJeB6-Aw_tM&dib_tag=se&keywords=laptop&qid=1743100560&sprefix=laptop%2Caps%2C274&sr=8-276&xpid=wA2qvawD06ogv
"Acer Swift Go 14 Thin and Light Premium Laptop AMD Ryzen 5 7530U Hexa-Core Processor (8GB/ 512 GB SSD/Windows 11 Home/MS Office Home and Student) Pure Silver, SFG14-41, 35.56 cm (14.0"") Full HD","₹56,900",N/A,N/A,https://www.amazon.in/Acer-SmartChoice-Hexa-Core-Processor-SFG14-41/dp/B0BTTBFSHG/ref=sr_1_277?crid=W4U3VV61SVAS&dib=eyJ2IjoiMSJ9.mdt2yBKFjWxWSAr7VzdVUwe0DRKv426UlNHmLODlBT_GjHj071QN20LucGBJIEps.Ted3IYIfa8l9PmQ_4tUSBPvLbKc7oNnuyJeB6-Aw_tM&dib_tag=se&keywords=laptop&qid=1743100560&sprefix=laptop%2Caps%2C274&sr=8-277&xpid=wA2qvawD06ogv
"Acer Aspire 3D 15 SpatialLabs Edition Gaming Laptop Intel Core i5-13420H Processor (16GB/512GB/NVIDIA RTX2050/Win11Home) A3D15-71GM, 39.6 cm(15.6"") UHD 3840 x 2160 IPS Display, Obsidian Black, 2.32KG","₹1,49,990",3.7,7,https://www.amazon.in/sspa/click?ie=UTF8&spc=MToxNDU4NTQ5MDUxNzQ4MjY0OjE3NDMxMDA1NjI6c3BfYXRmX25leHQ6MzAwNDg3NTU5ODM4NTMyOjowOjo&url=%2FAcer-SpatialLabs-i5-13420H-Processor-A3D15-71GM%2Fdp%2FB0D8BPBZY1%2Fref%3Dsr_1_289_sspa%3Fcrid%3DW4U3VV61SVAS%26dib%3DeyJ2IjoiMSJ9.vaVSq-voRR7GGSBRWxiSHC1KIRLyiNk23dRK3uVRvZTGjHj071QN20LucGBJIEps.l3jJQgCWdcAepwKvveRADt8uQ2BQjaXLjpcMNvGq6k4%26dib_tag%3Dse%26keywords%3Dlaptop%26qid%3D1743100562%26sprefix%3Dlaptop%252Caps%252C274%26sr%3D8-289-spons%26xpid%3DwA2qvawD06ogv%26sp_csd%3Dd2lkZ2V0TmFtZT1zcF9hdGZfbmV4dA%26psc%3D1
"HP OMEN Gaming AI Laptop, Intel Core Ultra 7 155H, 8GB NVIDIA RTX 4060,16GB LPDDR5x, 1TB SSD (Win 11,Office 21, Black,1.63kg) 120Hz, 0.2MS, 3K, OLED, 14-inch(35.6cm), Tempest Cooling, RGB KB, fb0007TX","₹1,26,790",4.1,67,https://www.amazon.in/sspa/click?ie=UTF8&spc=MToxNDU4NTQ5MDUxNzQ4MjY0OjE3NDMxMDA1NjI6c3BfYXRmX25leHQ6MzAwNDk4OTk1MDcxNDMyOjowOjo&url=%2FHP-Transcend-14-Inch-48-120Hz-Fb0007Tx-Windows%2Fdp%2FB0CXPY1STK%2Fref%3Dsr_1_290_sspa%3Fcrid%3DW4U3VV61SVAS%26dib%3DeyJ2IjoiMSJ9.vaVSq-voRR7GGSBRWxiSHC1KIRLyiNk23dRK3uVRvZTGjHj071QN20LucGBJIEps.l3jJQgCWdcAepwKvveRADt8uQ2BQjaXLjpcMNvGq6k4%26dib_tag%3Dse%26keywords%3Dlaptop%26qid%3D1743100562%26sprefix%3Dlaptop%252Caps%252C274%26sr%3D8-290-spons%26xpid%3DwA2qvawD06ogv%26sp_csd%3Dd2lkZ2V0TmFtZT1zcF9hdGZfbmV4dA%26psc%3D1
"amazon basics Metal Laptop Stand with 360° Rotation, Height & Angle Adjustable, Foldable Design, Improves Air Flow, Carbon Steel Body, 10 kg Max Weight for Laptops & MacBook (Black)",₹949,3.6,919,https://www.amazon.in/amazon-basics-Rotation-Adjustable-Foldable/dp/B0DM8HD3SF/ref=sr_1_291?crid=W4U3VV61SVAS&dib=eyJ2IjoiMSJ9.vaVSq-voRR7GGSBRWxiSHC1KIRLyiNk23dRK3uVRvZTGjHj071QN20LucGBJIEps.l3jJQgCWdcAepwKvveRADt8uQ2BQjaXLjpcMNvGq6k4&dib_tag=se&keywords=laptop&qid=1743100562&sprefix=laptop%2Caps%2C274&sr=8-291&xpid=wA2qvawD06ogv
"Acer Predator Helios Neo 16 Gaming Laptop,Intel Core i7-14700HX Processor, RTX 4060-8 GB GDDR6, IPS WQXGA Display, 500 nits, 165 Hz Refresh Rate(Win 11 Home/16GB DDR5/1TB),PHN16-72 with 16""/40.64cm","₹1,46,990",N/A,N/A,https://www.amazon.in/Acer-Predator-Processor-Windows-PHN16-72/dp/B0CXPXW4VY/ref=sr_1_292?crid=W4U3VV61SVAS&dib=eyJ2IjoiMSJ9.vaVSq-voRR7GGSBRWxiSHC1KIRLyiNk23dRK3uVRvZTGjHj071QN20LucGBJIEps.l3jJQgCWdcAepwKvveRADt8uQ2BQjaXLjpcMNvGq6k4&dib_tag=se&keywords=laptop&qid=1743100562&sprefix=laptop%2Caps%2C274&sr=8-292&xpid=wA2qvawD06ogv
"Dell 15 Thin & Light Laptop, Intel Core i5-1235U Processor/16GB DDR4 + 512GB SSD/Intel UHD Graphics/15.6"" (39.62cm) FHD Display/Win 11 + MSO'21/15 Month McAfee/Carbon Black/Spill Resistant KB/1.69kg","₹51,990",4.0,1,https://www.amazon.in/Dell-15-Processor-Antivirus-Spill-Resistant/dp/B0BQJ7WR2R/ref=sr_1_293?crid=W4U3VV61SVAS&dib=eyJ2IjoiMSJ9.vaVSq-voRR7GGSBRWxiSHC1KIRLyiNk23dRK3uVRvZStCT5nEb_eGDIGldwxtBI4agPQu7qx-yHxU2mp_CMSk6cjPaRvNBpiQk7kiFr8sqp9zOFY-bYNdmi5IF40regC5ESOB5yqESti-zOanH-vrDQuRFtqB93daG-ZnagzOxbhFjBi05od28lAxmupLWzV2AA6tSVgXVHFkNh3xvHFh-gLKxFbBfZvL3oyi6s8Vt8.udxJ_OWie1Xgt5WCS4afqMrCNErQopYkyVwMXFabnkk&dib_tag=se&keywords=laptop&qid=1743100562&sprefix=laptop%2Caps%2C274&sr=8-293&xpid=wA2qvawD06ogv
"Acer Aspire 3D 15 SpatialLabs Edition Gaming Laptop Intel Core i5-13420H Processor (16GB/512GB/NVIDIA RTX2050/Win11Home) A3D15-71GM, 39.6 cm(15.6"") UHD 3840 x 2160 IPS Display, Obsidian Black, 2.32KG","₹1,49,990",3.5,10,https://www.amazon.in/sspa/click?ie=UTF8&spc=MTo3MjA4MDc2Mjg4NDIxNDA3OjE3NDMxMDA1NjU6c3BfYXRmX25leHQ6MzAwNDg3NTU5ODM4NTMyOjowOjo&url=%2FAcer-SpatialLabs-i5-13420H-Processor-A3D15-71GM%2Fdp%2FB0D8BPBZY1%2Fref%3Dsr_1_305_sspa%3Fcrid%3DW4U3VV61SVAS%26dib%3DeyJ2IjoiMSJ9.y7jQdGOAOgJ84hbirwmNH5FoqBweQIWNgN9uAYXlwj8.xzu-pK6VqfB0PQZAgG0TGKxJTxRuJfq3xglrQbwgNlM%26dib_tag%3Dse%26keywords%3Dlaptop%26qid%3D1743100565%26sprefix%3Dlaptop%252Caps%252C274%26sr%3D8-305-spons%26xpid%3DwA2qvawD06ogv%26sp_csd%3Dd2lkZ2V0TmFtZT1zcF9hdGZfbmV4dA%26psc%3D1
"HP 14 AI Laptop, Intel Core Ultra 7 155H, 12 Tops, 16GB DDR5, 512GB SSD (Win11, Office21, Silver, 1.4 kg) Anti-Glare FHD, 14-inch (35.6 cm) Intel Arc Graphics, FHD Camera w/Shutter, Backlit, gr1023TU","₹82,990",3.8,43,https://www.amazon.in/sspa/click?ie=UTF8&spc=MTo3MjA4MDc2Mjg4NDIxNDA3OjE3NDMxMDA1NjU6c3BfYXRmX25leHQ6MzAwNDk4OTk1MDY3NDMyOjowOjo&url=%2FHP-14-inch-Graphics-Privacy-gr1023TU%2Fdp%2FB0D8J85F5X%2Fref%3Dsr_1_306_sspa%3Fcrid%3DW4U3VV61SVAS%26dib%3DeyJ2IjoiMSJ9.y7jQdGOAOgJ84hbirwmNH5FoqBweQIWNgN9uAYXlwj8.xzu-pK6VqfB0PQZAgG0TGKxJTxRuJfq3xglrQbwgNlM%26dib_tag%3Dse%26keywords%3Dlaptop%26qid%3D1743100565%26sprefix%3Dlaptop%252Caps%252C274%26sr%3D8-306-spons%26xpid%3DwA2qvawD06ogv%26sp_csd%3Dd2lkZ2V0TmFtZT1zcF9hdGZfbmV4dA%26psc%3D1
"Lenovo IdeaPad Slim 3, Intel Core i7-1255U, 12th Gen, 16GB RAM, 512GB SSD, FHD IPS, 15.6""/39.62cm, Windows 11, MS Office 2021, Grey, 1.63Kg, 82RK011GIN, 1Yr ADP Free, 3months Game Pass Laptop","₹60,190",3.1,8,https://www.amazon.in/Lenovo-IdeaPad-39-62cm-Windows-82RK011EIN/dp/B0CMGZCDRW/ref=sr_1_307?crid=W4U3VV61SVAS&dib=eyJ2IjoiMSJ9.y7jQdGOAOgJ84hbirwmNH5FoqBweQIWNgN9uAYXlwj8.xzu-pK6VqfB0PQZAgG0TGKxJTxRuJfq3xglrQbwgNlM&dib_tag=se&keywords=laptop&qid=1743100565&sprefix=laptop%2Caps%2C274&sr=8-307&xpid=wA2qvawD06ogv
HP Laptop 240R G9 Intel Core I3 13Th Gen 1315U - (8 GB/512GB SSD/Intel UHD Graphics) Thin and Light Business Windows 11 Pro Laptop/14 (35.56Cm)/Ash Grey/1.47 Kg,"₹32,459",4.0,700,https://www.amazon.in/HP-Laptop-240R-Intel-1315U/dp/B0DKG9ZCGH/ref=sr_1_308?crid=W4U3VV61SVAS&dib=eyJ2IjoiMSJ9.y7jQdGOAOgJ84hbirwmNH5FoqBweQIWNgN9uAYXlwj8.xzu-pK6VqfB0PQZAgG0TGKxJTxRuJfq3xglrQbwgNlM&dib_tag=se&keywords=laptop&qid=1743100565&sprefix=laptop%2Caps%2C274&sr=8-308&xpid=wA2qvawD06ogv
"Apple 2025 MacBook Air 13″ Laptop with M4 chip: Built for Apple Intelligence, 34.46 cm (13.6″) Liquid Retina Display, 16GB Unified Memory, 256GB SSD Storage, 12MP Camera, Touch ID; Sky Blue","₹99,900",3.5,3,https://www.amazon.in/sspa/click?ie=UTF8&spc=MTo3MjA4MDc2Mjg4NDIxNDA3OjE3NDMxMDA1NjU6c3BfbXRmOjMwMDQ5OTQ1MzM0NzQzMjo6MDo6&url=%2FApple-2025-MacBook-Laptop-chip%2Fdp%2FB0DZDDQ429%2Fref%3Dsr_1_309_sspa%3Fcrid%3DW4U3VV61SVAS%26dib%3DeyJ2IjoiMSJ9.y7jQdGOAOgJ84hbirwmNH5FoqBweQIWNgN9uAYXlwj8.xzu-pK6VqfB0PQZAgG0TGKxJTxRuJfq3xglrQbwgNlM%26dib_tag%3Dse%26keywords%3Dlaptop%26qid%3D1743100565%26sprefix%3Dlaptop%252Caps%252C274%26sr%3D8-309-spons%26xpid%3DwA2qvawD06ogv%26sp_csd%3Dd2lkZ2V0TmFtZT1zcF9tdGY%26psc%3D1
